state_name,state_abbr,year,nflis_fentanyl_reports,nflis_related_reports_total,nflis_analog_reports,nflis_unique_compounds_detected,nflis_top_compound_1,nflis_top_compound_1_reports,nflis_top_compound_2,nflis_top_compound_2_reports,nflis_top_compound_3,nflis_top_compound_3_reports,nflis_top_analog_1,nflis_top_analog_1_reports,nflis_top_analog_2,nflis_top_analog_2_reports,nflis_top_analog_3,nflis_top_analog_3_reports,nflis_table3_source_file,nflis_source_url,dea_fpp_powder_seizures,dea_fpp_tablet_seizures,dea_fpp_avg_powder_purity_pct,dea_fpp_avg_tablet_potency_mg,dea_fpp_dominant_composition_notes,dea_fpp_source_url,dea_fpp_source_pub_date,dea_fpp_extraction_status,record_generated_utc
Alaska,AK,2017,4,4,0,1,Fentanyl,4,,,,,,,,,,,2017NFLISWebsiteTable3.csv,https://www.nflis.deadiversion.usdoj.gov/publicationsRedesign.xhtml,,,,,,,,,2026-03-03T16:42:27Z
Alabama,AL,2017,200,235,35,9,Fentanyl,200,Methoxyacetyl fentanyl,12,Furanyl fentanyl,10,Methoxyacetyl fentanyl,12,Furanyl fentanyl,10,Acryl fentanyl,4,2017NFLISWebsiteTable3.csv,https://www.nflis.deadiversion.usdoj.gov/publicationsRedesign.xhtml,,,,,,,,,2026-03-03T16:42:27Z
Arkansas,AR,2017,130,149,19,6,Fentanyl,130,Furanyl fentanyl,11,Acryl fentanyl,5,Furanyl fentanyl,11,Acryl fentanyl,5,Acetyl fentanyl,1,2017NFLISWebsiteTable3.csv,https://www.nflis.deadiversion.usdoj.gov/publicationsRedesign.xhtml,,,,,,,,,2026-03-03T16:42:27Z
Arizona,AZ,2017,363,387,24,4,Fentanyl,363,Acetyl fentanyl,13,Cyclopropyl fentanyl,8,Acetyl fentanyl,13,Cyclopropyl fentanyl,8,Furanyl fentanyl,3,2017NFLISWebsiteTable3.csv,https://www.nflis.deadiversion.usdoj.gov/publicationsRedesign.xhtml,,,,,,,,,2026-03-03T16:42:27Z
California,CA,2017,656,761,105,12,Fentanyl,656,ANPP,24,Cyclopropyl fentanyl,18,ANPP,24,Cyclopropyl fentanyl,18,Furanyl fentanyl,18,2017NFLISWebsiteTable3.csv,https://www.nflis.deadiversion.usdoj.gov/publicationsRedesign.xhtml,,,,,,,,,2026-03-03T16:42:27Z
Colorado,CO,2017,27,31,4,3,Fentanyl,27,Carfentanil,2,Furanyl fentanyl,2,Carfentanil,2,Furanyl fentanyl,2,,,2017NFLISWebsiteTable3.csv,https://www.nflis.deadiversion.usdoj.gov/publicationsRedesign.xhtml,,,,,,,,,2026-03-03T16:42:27Z
Connecticut,CT,2017,433,492,59,12,Fentanyl,433,Furanyl fentanyl,18,Acetyl fentanyl,12,Furanyl fentanyl,18,Acetyl fentanyl,12,4-Fluoroisobutyryl fentanyl,7,2017NFLISWebsiteTable3.csv,https://www.nflis.deadiversion.usdoj.gov/publicationsRedesign.xhtml,,,,,,,,,2026-03-03T16:42:27Z
District of Columbia,DC,2017,94,149,55,8,Fentanyl,94,Furanyl fentanyl,29,4-Fluoroisobutyryl fentanyl,16,Furanyl fentanyl,29,4-Fluoroisobutyryl fentanyl,16,Carfentanil,4,2017NFLISWebsiteTable3.csv,https://www.nflis.deadiversion.usdoj.gov/publicationsRedesign.xhtml,,,,,,,,,2026-03-03T16:42:27Z
Delaware,DE,2017,65,83,18,6,Fentanyl,65,ANPP,7,Furanyl fentanyl,6,ANPP,7,Furanyl fentanyl,6,3-Methylfentanyl,2,2017NFLISWebsiteTable3.csv,https://www.nflis.deadiversion.usdoj.gov/publicationsRedesign.xhtml,,,,,,,,,2026-03-03T16:42:27Z
Florida,FL,2017,1525,2653,1128,18,Fentanyl,1525,Carfentanil,447,Furanyl fentanyl,281,Carfentanil,447,Furanyl fentanyl,281,Fluoroisobutyryl fentanyl,198,2017NFLISWebsiteTable3.csv,https://www.nflis.deadiversion.usdoj.gov/publicationsRedesign.xhtml,,,,,,,,,2026-03-03T16:42:27Z
Georgia,GA,2017,136,246,110,12,Fentanyl,136,Furanyl fentanyl,40,Carfentanil,14,Furanyl fentanyl,40,Carfentanil,14,Cyclopropyl fentanyl,14,2017NFLISWebsiteTable3.csv,https://www.nflis.deadiversion.usdoj.gov/publicationsRedesign.xhtml,,,,,,,,,2026-03-03T16:42:27Z
Hawaii,HI,2017,1,1,0,1,Fentanyl,1,,,,,,,,,,,2017NFLISWebsiteTable3.csv,https://www.nflis.deadiversion.usdoj.gov/publicationsRedesign.xhtml,,,,,,,,,2026-03-03T16:42:27Z
Iowa,IA,2017,250,424,174,10,Fentanyl,250,Acryl fentanyl,50,Furanyl fentanyl,42,Acryl fentanyl,50,Furanyl fentanyl,42,Cyclopropyl fentanyl,34,2017NFLISWebsiteTable3.csv,https://www.nflis.deadiversion.usdoj.gov/publicationsRedesign.xhtml,,,,,,,,,2026-03-03T16:42:27Z
Idaho,ID,2017,16,24,8,4,Fentanyl,16,Furanyl fentanyl,5,Carfentanil,2,Furanyl fentanyl,5,Carfentanil,2,Methoxyacetyl fentanyl,1,2017NFLISWebsiteTable3.csv,https://www.nflis.deadiversion.usdoj.gov/publicationsRedesign.xhtml,,,,,,,,,2026-03-03T16:42:27Z
Illinois,IL,2017,2787,3099,312,8,Fentanyl,2787,Furanyl fentanyl,144,Acryl fentanyl,141,Furanyl fentanyl,144,Acryl fentanyl,141,Carfentanil,12,2017NFLISWebsiteTable3.csv,https://www.nflis.deadiversion.usdoj.gov/publicationsRedesign.xhtml,,,,,,,,,2026-03-03T16:42:27Z
Indiana,IN,2017,1034,1285,251,9,Fentanyl,1034,Acryl fentanyl,144,Carfentanil,43,Acryl fentanyl,144,Carfentanil,43,Furanyl fentanyl,42,2017NFLISWebsiteTable3.csv,https://www.nflis.deadiversion.usdoj.gov/publicationsRedesign.xhtml,,,,,,,,,2026-03-03T16:42:27Z
Kansas,KS,2017,50,75,25,6,Fentanyl,50,Furanyl fentanyl,20,Acryl fentanyl,2,Furanyl fentanyl,20,Acryl fentanyl,2,Carfentanil,1,2017NFLISWebsiteTable3.csv,https://www.nflis.deadiversion.usdoj.gov/publicationsRedesign.xhtml,,,,,,,,,2026-03-03T16:42:27Z
Kentucky,KY,2017,2370,2780,410,14,Fentanyl,2370,Carfentanil,125,Furanyl fentanyl,88,Carfentanil,125,Furanyl fentanyl,88,Cyclopropyl fentanyl,78,2017NFLISWebsiteTable3.csv,https://www.nflis.deadiversion.usdoj.gov/publicationsRedesign.xhtml,,,,,,,,,2026-03-03T16:42:27Z
Louisiana,LA,2017,215,251,36,8,Fentanyl,215,Acryl fentanyl,15,Furanyl fentanyl,11,Acryl fentanyl,15,Furanyl fentanyl,11,Carfentanil,4,2017NFLISWebsiteTable3.csv,https://www.nflis.deadiversion.usdoj.gov/publicationsRedesign.xhtml,,,,,,,,,2026-03-03T16:42:27Z
Massachusetts,MA,2017,6615,7125,510,13,Fentanyl,6615,Acetyl fentanyl,347,Carfentanil,41,Acetyl fentanyl,347,Carfentanil,41,Furanyl fentanyl,30,2017NFLISWebsiteTable3.csv,https://www.nflis.deadiversion.usdoj.gov/publicationsRedesign.xhtml,,,,,,,,,2026-03-03T16:42:27Z
Maryland,MD,2017,3321,3956,635,21,Fentanyl,3321,Furanyl fentanyl,378,4-Fluoroisobutyryl fentanyl,65,Furanyl fentanyl,378,4-Fluoroisobutyryl fentanyl,65,Carfentanil,54,2017NFLISWebsiteTable3.csv,https://www.nflis.deadiversion.usdoj.gov/publicationsRedesign.xhtml,,,,,,,,,2026-03-03T16:42:27Z
Maine,ME,2017,288,302,14,3,Fentanyl,288,Acetyl fentanyl,10,Furanyl fentanyl,4,Acetyl fentanyl,10,Furanyl fentanyl,4,,,2017NFLISWebsiteTable3.csv,https://www.nflis.deadiversion.usdoj.gov/publicationsRedesign.xhtml,,,,,,,,,2026-03-03T16:42:27Z
Michigan,MI,2017,379,495,116,9,Fentanyl,379,Carfentanil,85,Furanyl fentanyl,11,Carfentanil,85,Furanyl fentanyl,11,Acryl fentanyl,8,2017NFLISWebsiteTable3.csv,https://www.nflis.deadiversion.usdoj.gov/publicationsRedesign.xhtml,,,,,,,,,2026-03-03T16:42:27Z
Minnesota,MN,2017,162,314,152,8,Fentanyl,162,Carfentanil,63,Furanyl fentanyl,35,Carfentanil,63,Furanyl fentanyl,35,Acryl fentanyl,34,2017NFLISWebsiteTable3.csv,https://www.nflis.deadiversion.usdoj.gov/publicationsRedesign.xhtml,,,,,,,,,2026-03-03T16:42:27Z
Missouri,MO,2017,1738,1885,147,11,Fentanyl,1738,Acryl fentanyl,34,Butyryl fentanyl,31,Acryl fentanyl,34,Butyryl fentanyl,31,4-Fluoroisobutyryl fentanyl,25,2017NFLISWebsiteTable3.csv,https://www.nflis.deadiversion.usdoj.gov/publicationsRedesign.xhtml,,,,,,,,,2026-03-03T16:42:27Z
Mississippi,MS,2017,129,130,1,2,Fentanyl,129,Cyclopropyl fentanyl,1,,,Cyclopropyl fentanyl,1,,,,,2017NFLISWebsiteTable3.csv,https://www.nflis.deadiversion.usdoj.gov/publicationsRedesign.xhtml,,,,,,,,,2026-03-03T16:42:27Z
Montana,MT,2017,28,32,4,2,Fentanyl,28,Carfentanil,4,,,Carfentanil,4,,,,,2017NFLISWebsiteTable3.csv,https://www.nflis.deadiversion.usdoj.gov/publicationsRedesign.xhtml,,,,,,,,,2026-03-03T16:42:27Z
North Carolina,NC,2017,458,508,50,5,Fentanyl,458,Furanyl fentanyl,24,Cyclopropyl fentanyl,21,Furanyl fentanyl,24,Cyclopropyl fentanyl,21,Methoxyacetyl fentanyl,3,2017NFLISWebsiteTable3.csv,https://www.nflis.deadiversion.usdoj.gov/publicationsRedesign.xhtml,,,,,,,,,2026-03-03T16:42:27Z
North Dakota,ND,2017,71,116,45,6,Fentanyl,71,Furanyl fentanyl,19,Carfentanil,10,Furanyl fentanyl,19,Carfentanil,10,Cyclopropyl fentanyl,8,2017NFLISWebsiteTable3.csv,https://www.nflis.deadiversion.usdoj.gov/publicationsRedesign.xhtml,,,,,,,,,2026-03-03T16:42:27Z
Nebraska,NE,2017,13,17,4,3,Fentanyl,13,Carfentanil,3,ANPP,1,Carfentanil,3,ANPP,1,,,2017NFLISWebsiteTable3.csv,https://www.nflis.deadiversion.usdoj.gov/publicationsRedesign.xhtml,,,,,,,,,2026-03-03T16:42:27Z
New Hampshire,NH,2017,1952,2093,141,6,Fentanyl,1952,Acetyl fentanyl,82,Carfentanil,55,Acetyl fentanyl,82,Carfentanil,55,Furanyl fentanyl,2,2017NFLISWebsiteTable3.csv,https://www.nflis.deadiversion.usdoj.gov/publicationsRedesign.xhtml,,,,,,,,,2026-03-03T16:42:27Z
New Jersey,NJ,2017,3924,6825,2901,19,Fentanyl,3924,Furanyl fentanyl,1423,4-Fluoroisobutyryl fentanyl,565,Furanyl fentanyl,1423,4-Fluoroisobutyryl fentanyl,565,Fluoroisobutyryl fentanyl,310,2017NFLISWebsiteTable3.csv,https://www.nflis.deadiversion.usdoj.gov/publicationsRedesign.xhtml,,,,,,,,,2026-03-03T16:42:27Z
New Mexico,NM,2017,27,27,0,1,Fentanyl,27,,,,,,,,,,,2017NFLISWebsiteTable3.csv,https://www.nflis.deadiversion.usdoj.gov/publicationsRedesign.xhtml,,,,,,,,,2026-03-03T16:42:27Z
Nevada,NV,2017,13,19,6,2,Fentanyl,13,Furanyl fentanyl,6,,,Furanyl fentanyl,6,,,,,2017NFLISWebsiteTable3.csv,https://www.nflis.deadiversion.usdoj.gov/publicationsRedesign.xhtml,,,,,,,,,2026-03-03T16:42:27Z
New York,NY,2017,4322,4701,379,13,Fentanyl,4322,Butyryl fentanyl,168,Furanyl fentanyl,64,Butyryl fentanyl,168,Furanyl fentanyl,64,ANPP,63,2017NFLISWebsiteTable3.csv,https://www.nflis.deadiversion.usdoj.gov/publicationsRedesign.xhtml,,,,,,,,,2026-03-03T16:42:27Z
Ohio,OH,2017,11906,21941,10035,20,Fentanyl,11906,Carfentanil,4522,Acryl fentanyl,1213,Carfentanil,4522,Acryl fentanyl,1213,Furanyl fentanyl,1114,2017NFLISWebsiteTable3.csv,https://www.nflis.deadiversion.usdoj.gov/publicationsRedesign.xhtml,,,,,,,,,2026-03-03T16:42:27Z
Oklahoma,OK,2017,42,71,29,5,Fentanyl,42,Cyclopropyl fentanyl,15,Furanyl fentanyl,9,Cyclopropyl fentanyl,15,Furanyl fentanyl,9,Fluoroisobutyryl fentanyl,3,2017NFLISWebsiteTable3.csv,https://www.nflis.deadiversion.usdoj.gov/publicationsRedesign.xhtml,,,,,,,,,2026-03-03T16:42:27Z
Oregon,OR,2017,45,122,77,7,Fentanyl,45,Furanyl fentanyl,41,Cyclopropyl fentanyl,20,Furanyl fentanyl,41,Cyclopropyl fentanyl,20,Methoxyacetyl fentanyl,5,2017NFLISWebsiteTable3.csv,https://www.nflis.deadiversion.usdoj.gov/publicationsRedesign.xhtml,,,,,,,,,2026-03-03T16:42:27Z
Pennsylvania,PA,2017,8206,9891,1685,19,Fentanyl,8206,Furanyl fentanyl,421,4-Fluoroisobutyryl fentanyl,261,Furanyl fentanyl,421,4-Fluoroisobutyryl fentanyl,261,Acetyl fentanyl,247,2017NFLISWebsiteTable3.csv,https://www.nflis.deadiversion.usdoj.gov/publicationsRedesign.xhtml,,,,,,,,,2026-03-03T16:42:27Z
Rhode Island,RI,2017,528,686,158,10,Fentanyl,528,ANPP,69,Acetyl fentanyl,28,ANPP,69,Acetyl fentanyl,28,Furanyl fentanyl,25,2017NFLISWebsiteTable3.csv,https://www.nflis.deadiversion.usdoj.gov/publicationsRedesign.xhtml,,,,,,,,,2026-03-03T16:42:27Z
South Carolina,SC,2017,664,904,240,12,Fentanyl,664,Furanyl fentanyl,122,Acryl fentanyl,23,Furanyl fentanyl,122,Acryl fentanyl,23,Acetyl fentanyl,22,2017NFLISWebsiteTable3.csv,https://www.nflis.deadiversion.usdoj.gov/publicationsRedesign.xhtml,,,,,,,,,2026-03-03T16:42:27Z
South Dakota,SD,2017,6,10,4,4,Fentanyl,6,Furanyl fentanyl,2,Carfentanil,1,Furanyl fentanyl,2,Carfentanil,1,Isobutyryl fentanyl,1,2017NFLISWebsiteTable3.csv,https://www.nflis.deadiversion.usdoj.gov/publicationsRedesign.xhtml,,,,,,,,,2026-03-03T16:42:27Z
Tennessee,TN,2017,530,787,257,11,Fentanyl,530,Acryl fentanyl,83,Furanyl fentanyl,51,Acryl fentanyl,83,Furanyl fentanyl,51,Methoxyacetyl fentanyl,50,2017NFLISWebsiteTable3.csv,https://www.nflis.deadiversion.usdoj.gov/publicationsRedesign.xhtml,,,,,,,,,2026-03-03T16:42:27Z
Texas,TX,2017,288,367,79,12,Fentanyl,288,Furanyl fentanyl,35,Carfentanil,11,Furanyl fentanyl,35,Carfentanil,11,Phenyl fentanyl,7,2017NFLISWebsiteTable3.csv,https://www.nflis.deadiversion.usdoj.gov/publicationsRedesign.xhtml,,,,,,,,,2026-03-03T16:42:27Z
Utah,UT,2017,13,19,6,4,Fentanyl,13,Furanyl fentanyl,3,Cyclopropyl fentanyl,2,Furanyl fentanyl,3,Cyclopropyl fentanyl,2,Methoxyacetyl fentanyl,1,2017NFLISWebsiteTable3.csv,https://www.nflis.deadiversion.usdoj.gov/publicationsRedesign.xhtml,,,,,,,,,2026-03-03T16:42:27Z
Virginia,VA,2017,2049,3258,1209,14,Fentanyl,2049,Furanyl fentanyl,614,4-Fluoroisobutyryl fentanyl,407,Furanyl fentanyl,614,4-Fluoroisobutyryl fentanyl,407,Carfentanil,73,2017NFLISWebsiteTable3.csv,https://www.nflis.deadiversion.usdoj.gov/publicationsRedesign.xhtml,,,,,,,,,2026-03-03T16:42:27Z
Vermont,VT,2017,334,347,13,5,Fentanyl,334,Acetyl fentanyl,4,4-Fluoroisobutyryl fentanyl,3,Acetyl fentanyl,4,4-Fluoroisobutyryl fentanyl,3,Furanyl fentanyl,3,2017NFLISWebsiteTable3.csv,https://www.nflis.deadiversion.usdoj.gov/publicationsRedesign.xhtml,,,,,,,,,2026-03-03T16:42:27Z
Washington,WA,2017,109,128,19,7,Fentanyl,109,Furanyl fentanyl,11,Acryl fentanyl,2,Furanyl fentanyl,11,Acryl fentanyl,2,ANPP,2,2017NFLISWebsiteTable3.csv,https://www.nflis.deadiversion.usdoj.gov/publicationsRedesign.xhtml,,,,,,,,,2026-03-03T16:42:27Z
Wisconsin,WI,2017,390,668,278,11,Fentanyl,390,Acryl fentanyl,109,Furanyl fentanyl,82,Acryl fentanyl,109,Furanyl fentanyl,82,Cyclopropyl fentanyl,47,2017NFLISWebsiteTable3.csv,https://www.nflis.deadiversion.usdoj.gov/publicationsRedesign.xhtml,,,,,,,,,2026-03-03T16:42:27Z
West Virginia,WV,2017,238,307,69,14,Fentanyl,238,Furanyl fentanyl,20,Acryl fentanyl,12,Furanyl fentanyl,20,Acryl fentanyl,12,Carfentanil,7,2017NFLISWebsiteTable3.csv,https://www.nflis.deadiversion.usdoj.gov/publicationsRedesign.xhtml,,,,,,,,,2026-03-03T16:42:27Z
Wyoming,WY,2017,8,8,0,1,Fentanyl,8,,,,,,,,,,,2017NFLISWebsiteTable3.csv,https://www.nflis.deadiversion.usdoj.gov/publicationsRedesign.xhtml,,,,,,,,,2026-03-03T16:42:27Z
Alaska,AK,2018,2,2,0,1,Fentanyl,2,,,,,,,,,,,2018NFLISWebsiteTable3.csv,https://www.nflis.deadiversion.usdoj.gov/publicationsRedesign.xhtml,,,,,,,,,2026-03-03T16:42:27Z
Alabama,AL,2018,54,78,24,10,Fentanyl,54,Methoxyacetyl fentanyl,9,Benzylfentanyl,3,Methoxyacetyl fentanyl,9,Benzylfentanyl,3,Cyclopropyl fentanyl,3,2018NFLISWebsiteTable3.csv,https://www.nflis.deadiversion.usdoj.gov/publicationsRedesign.xhtml,,,,,,,,,2026-03-03T16:42:27Z
Arkansas,AR,2018,287,301,14,6,Fentanyl,287,Acetyl fentanyl,5,Benzyl furanyl fentanyl,4,Acetyl fentanyl,5,Benzyl furanyl fentanyl,4,ANPP,2,2018NFLISWebsiteTable3.csv,https://www.nflis.deadiversion.usdoj.gov/publicationsRedesign.xhtml,,,,,,,,,2026-03-03T16:42:27Z
Arizona,AZ,2018,1001,1059,58,4,Fentanyl,1001,Acetyl fentanyl,49,ANPP,5,Acetyl fentanyl,49,ANPP,5,Cyclopropyl fentanyl,4,2018NFLISWebsiteTable3.csv,https://www.nflis.deadiversion.usdoj.gov/publicationsRedesign.xhtml,,,,,,,,,2026-03-03T16:42:27Z
California,CA,2018,1415,1550,135,9,Fentanyl,1415,Acetyl fentanyl,62,ANPP,53,Acetyl fentanyl,62,ANPP,53,Carfentanil,8,2018NFLISWebsiteTable3.csv,https://www.nflis.deadiversion.usdoj.gov/publicationsRedesign.xhtml,,,,,,,,,2026-03-03T16:42:27Z
Colorado,CO,2018,95,98,3,4,Fentanyl,95,Acetyl fentanyl,1,Carfentanil,1,Acetyl fentanyl,1,Carfentanil,1,Cyclopropyl fentanyl,1,2018NFLISWebsiteTable3.csv,https://www.nflis.deadiversion.usdoj.gov/publicationsRedesign.xhtml,,,,,,,,,2026-03-03T16:42:27Z
Connecticut,CT,2018,471,528,57,9,Fentanyl,471,Acetyl fentanyl,27,ANPP,13,Acetyl fentanyl,27,ANPP,13,Carfentanil,4,2018NFLISWebsiteTable3.csv,https://www.nflis.deadiversion.usdoj.gov/publicationsRedesign.xhtml,,,,,,,,,2026-03-03T16:42:27Z
District of Columbia,DC,2018,53,70,17,5,Fentanyl,53,Furanyl fentanyl,7,Acetyl fentanyl,6,Furanyl fentanyl,7,Acetyl fentanyl,6,4-Fluoroisobutyryl fentanyl,3,2018NFLISWebsiteTable3.csv,https://www.nflis.deadiversion.usdoj.gov/publicationsRedesign.xhtml,,,,,,,,,2026-03-03T16:42:27Z
Delaware,DE,2018,137,239,102,8,Fentanyl,137,ANPP,72,Acetyl fentanyl,18,ANPP,72,Acetyl fentanyl,18,Valeryl fentanyl,7,2018NFLISWebsiteTable3.csv,https://www.nflis.deadiversion.usdoj.gov/publicationsRedesign.xhtml,,,,,,,,,2026-03-03T16:42:27Z
Florida,FL,2018,2891,4093,1202,18,Fentanyl,2891,Fluoroisobutyryl fentanyl,393,Acetyl fentanyl,242,Fluoroisobutyryl fentanyl,393,Acetyl fentanyl,242,Methoxyacetyl fentanyl,166,2018NFLISWebsiteTable3.csv,https://www.nflis.deadiversion.usdoj.gov/publicationsRedesign.xhtml,,,,,,,,,2026-03-03T16:42:27Z
Georgia,GA,2018,191,245,54,9,Fentanyl,191,Fluoroisobutyryl fentanyl,21,Methoxyacetyl fentanyl,9,Fluoroisobutyryl fentanyl,21,Methoxyacetyl fentanyl,9,Furanyl fentanyl,8,2018NFLISWebsiteTable3.csv,https://www.nflis.deadiversion.usdoj.gov/publicationsRedesign.xhtml,,,,,,,,,2026-03-03T16:42:27Z
Hawaii,HI,2018,0,0,0,0,,,,,,,,,,,,,2018NFLISWebsiteTable3.csv,https://www.nflis.deadiversion.usdoj.gov/publicationsRedesign.xhtml,,,,,,,,,2026-03-03T16:42:27Z
Iowa,IA,2018,307,373,66,10,Fentanyl,307,Acetyl fentanyl,26,Cyclopropyl fentanyl,10,Acetyl fentanyl,26,Cyclopropyl fentanyl,10,Furanyl fentanyl,10,2018NFLISWebsiteTable3.csv,https://www.nflis.deadiversion.usdoj.gov/publicationsRedesign.xhtml,,,,,,,,,2026-03-03T16:42:27Z
Idaho,ID,2018,38,40,2,3,Fentanyl,38,Carfentanil,1,Methoxyacetyl fentanyl,1,Carfentanil,1,Methoxyacetyl fentanyl,1,,,2018NFLISWebsiteTable3.csv,https://www.nflis.deadiversion.usdoj.gov/publicationsRedesign.xhtml,,,,,,,,,2026-03-03T16:42:27Z
Illinois,IL,2018,4654,4868,214,12,Fentanyl,4654,Acetyl fentanyl,74,Furanyl fentanyl,68,Acetyl fentanyl,74,Furanyl fentanyl,68,Cyclopropyl/crotonyl fentanyl,18,2018NFLISWebsiteTable3.csv,https://www.nflis.deadiversion.usdoj.gov/publicationsRedesign.xhtml,,,,,,,,,2026-03-03T16:42:27Z
Indiana,IN,2018,1622,1761,139,10,Fentanyl,1622,Acetyl fentanyl,71,Methoxyacetyl fentanyl,22,Acetyl fentanyl,71,Methoxyacetyl fentanyl,22,ANPP,15,2018NFLISWebsiteTable3.csv,https://www.nflis.deadiversion.usdoj.gov/publicationsRedesign.xhtml,,,,,,,,,2026-03-03T16:42:27Z
Kansas,KS,2018,76,83,7,3,Fentanyl,76,Acetyl fentanyl,4,Valeryl fentanyl,3,Acetyl fentanyl,4,Valeryl fentanyl,3,,,2018NFLISWebsiteTable3.csv,https://www.nflis.deadiversion.usdoj.gov/publicationsRedesign.xhtml,,,,,,,,,2026-03-03T16:42:27Z
Kentucky,KY,2018,2928,3338,410,11,Fentanyl,2928,Acetyl fentanyl,205,ANPP,128,Acetyl fentanyl,205,ANPP,128,Cyclopropyl fentanyl,24,2018NFLISWebsiteTable3.csv,https://www.nflis.deadiversion.usdoj.gov/publicationsRedesign.xhtml,,,,,,,,,2026-03-03T16:42:27Z
Louisiana,LA,2018,382,432,50,9,Fentanyl,382,ANPP,14,Methoxyacetyl fentanyl,14,ANPP,14,Methoxyacetyl fentanyl,14,Cyclopropyl fentanyl,9,2018NFLISWebsiteTable3.csv,https://www.nflis.deadiversion.usdoj.gov/publicationsRedesign.xhtml,,,,,,,,,2026-03-03T16:42:27Z
Massachusetts,MA,2018,8287,9525,1238,16,Fentanyl,8287,Acetyl fentanyl,923,Valeryl fentanyl,104,Acetyl fentanyl,923,Valeryl fentanyl,104,Furanyl fentanyl,58,2018NFLISWebsiteTable3.csv,https://www.nflis.deadiversion.usdoj.gov/publicationsRedesign.xhtml,,,,,,,,,2026-03-03T16:42:27Z
Maryland,MD,2018,5419,5989,570,15,Fentanyl,5419,ANPP,257,Acetyl fentanyl,128,ANPP,257,Acetyl fentanyl,128,4-Fluoroisobutyryl fentanyl,114,2018NFLISWebsiteTable3.csv,https://www.nflis.deadiversion.usdoj.gov/publicationsRedesign.xhtml,,,,,,,,,2026-03-03T16:42:27Z
Maine,ME,2018,403,430,27,4,Fentanyl,403,Acetyl fentanyl,20,ANPP,4,Acetyl fentanyl,20,ANPP,4,Valeryl fentanyl,3,2018NFLISWebsiteTable3.csv,https://www.nflis.deadiversion.usdoj.gov/publicationsRedesign.xhtml,,,,,,,,,2026-03-03T16:42:27Z
Michigan,MI,2018,940,975,35,7,Fentanyl,940,Acetyl fentanyl,10,Methoxyacetyl fentanyl,8,Acetyl fentanyl,10,Methoxyacetyl fentanyl,8,ANPP,6,2018NFLISWebsiteTable3.csv,https://www.nflis.deadiversion.usdoj.gov/publicationsRedesign.xhtml,,,,,,,,,2026-03-03T16:42:27Z
Minnesota,MN,2018,352,561,209,12,Fentanyl,352,Acetyl fentanyl,69,4-Fluoroisobutyryl fentanyl,46,Acetyl fentanyl,69,4-Fluoroisobutyryl fentanyl,46,Furanyl fentanyl,24,2018NFLISWebsiteTable3.csv,https://www.nflis.deadiversion.usdoj.gov/publicationsRedesign.xhtml,,,,,,,,,2026-03-03T16:42:27Z
Missouri,MO,2018,2709,2821,112,11,Fentanyl,2709,Acetyl fentanyl,60,Valeryl fentanyl,26,Acetyl fentanyl,60,Valeryl fentanyl,26,ANPP,10,2018NFLISWebsiteTable3.csv,https://www.nflis.deadiversion.usdoj.gov/publicationsRedesign.xhtml,,,,,,,,,2026-03-03T16:42:27Z
Mississippi,MS,2018,158,172,14,4,Fentanyl,158,Methoxyacetyl fentanyl,6,Acetyl fentanyl,5,Methoxyacetyl fentanyl,6,Acetyl fentanyl,5,Carfentanil,3,2018NFLISWebsiteTable3.csv,https://www.nflis.deadiversion.usdoj.gov/publicationsRedesign.xhtml,,,,,,,,,2026-03-03T16:42:27Z
Montana,MT,2018,23,23,0,1,Fentanyl,23,,,,,,,,,,,2018NFLISWebsiteTable3.csv,https://www.nflis.deadiversion.usdoj.gov/publicationsRedesign.xhtml,,,,,,,,,2026-03-03T16:42:27Z
North Carolina,NC,2018,1417,1505,88,12,Fentanyl,1417,Acetyl fentanyl,18,4-Fluoroisobutyryl fentanyl,12,Acetyl fentanyl,18,4-Fluoroisobutyryl fentanyl,12,Cyclopropyl fentanyl,11,2018NFLISWebsiteTable3.csv,https://www.nflis.deadiversion.usdoj.gov/publicationsRedesign.xhtml,,,,,,,,,2026-03-03T16:42:27Z
North Dakota,ND,2018,88,101,13,6,Fentanyl,88,Acetyl fentanyl,6,Valeryl fentanyl,3,Acetyl fentanyl,6,Valeryl fentanyl,3,Cyclopropyl fentanyl,2,2018NFLISWebsiteTable3.csv,https://www.nflis.deadiversion.usdoj.gov/publicationsRedesign.xhtml,,,,,,,,,2026-03-03T16:42:27Z
Nebraska,NE,2018,44,51,7,4,Fentanyl,44,Acetyl fentanyl,5,Carfentanil,1,Acetyl fentanyl,5,Carfentanil,1,Fluorobutyryl fentanyl,1,2018NFLISWebsiteTable3.csv,https://www.nflis.deadiversion.usdoj.gov/publicationsRedesign.xhtml,,,,,,,,,2026-03-03T16:42:27Z
New Hampshire,NH,2018,1926,2090,164,7,Fentanyl,1926,Acetyl fentanyl,142,Valeryl fentanyl,15,Acetyl fentanyl,142,Valeryl fentanyl,15,4-Fluoroisobutyryl fentanyl,3,2018NFLISWebsiteTable3.csv,https://www.nflis.deadiversion.usdoj.gov/publicationsRedesign.xhtml,,,,,,,,,2026-03-03T16:42:27Z
New Jersey,NJ,2018,7208,10451,3243,22,Fentanyl,7208,Acetyl fentanyl,954,Fluoroisobutyryl fentanyl,906,Acetyl fentanyl,954,Fluoroisobutyryl fentanyl,906,ANPP,596,2018NFLISWebsiteTable3.csv,https://www.nflis.deadiversion.usdoj.gov/publicationsRedesign.xhtml,,,,,,,,,2026-03-03T16:42:27Z
New Mexico,NM,2018,40,44,4,3,Fentanyl,40,ANPP,3,Acetyl fentanyl,1,ANPP,3,Acetyl fentanyl,1,,,2018NFLISWebsiteTable3.csv,https://www.nflis.deadiversion.usdoj.gov/publicationsRedesign.xhtml,,,,,,,,,2026-03-03T16:42:27Z
Nevada,NV,2018,34,35,1,2,Fentanyl,34,Carfentanil,1,,,Carfentanil,1,,,,,2018NFLISWebsiteTable3.csv,https://www.nflis.deadiversion.usdoj.gov/publicationsRedesign.xhtml,,,,,,,,,2026-03-03T16:42:27Z
New York,NY,2018,5876,6273,397,16,Fentanyl,5876,Butyryl fentanyl,134,ANPP,120,Butyryl fentanyl,134,ANPP,120,Acetyl fentanyl,65,2018NFLISWebsiteTable3.csv,https://www.nflis.deadiversion.usdoj.gov/publicationsRedesign.xhtml,,,,,,,,,2026-03-03T16:42:27Z
Ohio,OH,2018,16174,21885,5711,28,Fentanyl,16174,Acetyl fentanyl,2446,ANPP,669,Acetyl fentanyl,2446,ANPP,669,Carfentanil,529,2018NFLISWebsiteTable3.csv,https://www.nflis.deadiversion.usdoj.gov/publicationsRedesign.xhtml,,,,,,,,,2026-03-03T16:42:27Z
Oklahoma,OK,2018,59,69,10,6,Fentanyl,59,Acetyl fentanyl,3,ANPP,2,Acetyl fentanyl,3,ANPP,2,Cyclopropyl fentanyl,2,2018NFLISWebsiteTable3.csv,https://www.nflis.deadiversion.usdoj.gov/publicationsRedesign.xhtml,,,,,,,,,2026-03-03T16:42:27Z
Oregon,OR,2018,128,205,77,10,Fentanyl,128,Cyclopropyl fentanyl,40,Acetyl fentanyl,18,Cyclopropyl fentanyl,40,Acetyl fentanyl,18,Carfentanil,6,2018NFLISWebsiteTable3.csv,https://www.nflis.deadiversion.usdoj.gov/publicationsRedesign.xhtml,,,,,,,,,2026-03-03T16:42:27Z
Pennsylvania,PA,2018,10728,13003,2275,27,Fentanyl,10728,Acetyl fentanyl,1247,Fluoroisobutyryl fentanyl,198,Acetyl fentanyl,1247,Fluoroisobutyryl fentanyl,198,3-Methylfentanyl,169,2018NFLISWebsiteTable3.csv,https://www.nflis.deadiversion.usdoj.gov/publicationsRedesign.xhtml,,,,,,,,,2026-03-03T16:42:27Z
Rhode Island,RI,2018,655,863,208,10,Fentanyl,655,ANPP,89,Acetyl fentanyl,64,ANPP,89,Acetyl fentanyl,64,4-Fluoroisobutyryl fentanyl,18,2018NFLISWebsiteTable3.csv,https://www.nflis.deadiversion.usdoj.gov/publicationsRedesign.xhtml,,,,,,,,,2026-03-03T16:42:27Z
South Carolina,SC,2018,1308,1624,316,14,Fentanyl,1308,Acetyl fentanyl,169,Methoxyacetyl fentanyl,80,Acetyl fentanyl,169,Methoxyacetyl fentanyl,80,Fluoroisobutyryl fentanyl,17,2018NFLISWebsiteTable3.csv,https://www.nflis.deadiversion.usdoj.gov/publicationsRedesign.xhtml,,,,,,,,,2026-03-03T16:42:27Z
South Dakota,SD,2018,3,4,1,2,Fentanyl,3,Carfentanil,1,,,Carfentanil,1,,,,,2018NFLISWebsiteTable3.csv,https://www.nflis.deadiversion.usdoj.gov/publicationsRedesign.xhtml,,,,,,,,,2026-03-03T16:42:27Z
Tennessee,TN,2018,1145,1309,164,12,Fentanyl,1145,Acetyl fentanyl,56,ANPP,38,Acetyl fentanyl,56,ANPP,38,Methoxyacetyl fentanyl,30,2018NFLISWebsiteTable3.csv,https://www.nflis.deadiversion.usdoj.gov/publicationsRedesign.xhtml,,,,,,,,,2026-03-03T16:42:27Z
Texas,TX,2018,260,363,103,13,Fentanyl,260,Methoxyacetyl fentanyl,38,Benzylfentanyl,26,Methoxyacetyl fentanyl,38,Benzylfentanyl,26,Carfentanil,11,2018NFLISWebsiteTable3.csv,https://www.nflis.deadiversion.usdoj.gov/publicationsRedesign.xhtml,,,,,,,,,2026-03-03T16:42:27Z
Utah,UT,2018,28,41,13,7,Fentanyl,28,Acetyl fentanyl,3,Carfentanil,3,Acetyl fentanyl,3,Carfentanil,3,Cyclopropyl fentanyl,3,2018NFLISWebsiteTable3.csv,https://www.nflis.deadiversion.usdoj.gov/publicationsRedesign.xhtml,,,,,,,,,2026-03-03T16:42:27Z
Virginia,VA,2018,2684,3186,502,14,Fentanyl,2684,4-Fluoroisobutyryl fentanyl,191,Acetyl fentanyl,168,4-Fluoroisobutyryl fentanyl,191,Acetyl fentanyl,168,Cyclopropyl fentanyl,77,2018NFLISWebsiteTable3.csv,https://www.nflis.deadiversion.usdoj.gov/publicationsRedesign.xhtml,,,,,,,,,2026-03-03T16:42:27Z
Vermont,VT,2018,682,726,44,5,Fentanyl,682,ANPP,28,Acetyl fentanyl,12,ANPP,28,Acetyl fentanyl,12,4-Fluoroisobutyryl fentanyl,3,2018NFLISWebsiteTable3.csv,https://www.nflis.deadiversion.usdoj.gov/publicationsRedesign.xhtml,,,,,,,,,2026-03-03T16:42:27Z
Washington,WA,2018,288,344,56,10,Fentanyl,288,Acetyl fentanyl,25,Methoxyacetyl fentanyl,10,Acetyl fentanyl,25,Methoxyacetyl fentanyl,10,Furanyl fentanyl,8,2018NFLISWebsiteTable3.csv,https://www.nflis.deadiversion.usdoj.gov/publicationsRedesign.xhtml,,,,,,,,,2026-03-03T16:42:27Z
Wisconsin,WI,2018,580,723,143,11,Fentanyl,580,Acetyl fentanyl,82,Cyclopropyl fentanyl,18,Acetyl fentanyl,82,Cyclopropyl fentanyl,18,Acryl fentanyl,9,2018NFLISWebsiteTable3.csv,https://www.nflis.deadiversion.usdoj.gov/publicationsRedesign.xhtml,,,,,,,,,2026-03-03T16:42:27Z
West Virginia,WV,2018,564,696,132,14,Fentanyl,564,Acetyl fentanyl,37,Fluorobutyryl fentanyl,32,Acetyl fentanyl,37,Fluorobutyryl fentanyl,32,Carfentanil,12,2018NFLISWebsiteTable3.csv,https://www.nflis.deadiversion.usdoj.gov/publicationsRedesign.xhtml,,,,,,,,,2026-03-03T16:42:27Z
Wyoming,WY,2018,26,29,3,3,Fentanyl,26,4-Fluoroisobutyryl fentanyl,2,Furanyl fentanyl,1,4-Fluoroisobutyryl fentanyl,2,Furanyl fentanyl,1,,,2018NFLISWebsiteTable3.csv,https://www.nflis.deadiversion.usdoj.gov/publicationsRedesign.xhtml,,,,,,,,,2026-03-03T16:42:27Z
Alaska,AK,2019,9,10,1,2,Fentanyl,9,ANPP,1,,,ANPP,1,,,,,NFLISPublicData_2019_Table3.csv,https://www.nflis.deadiversion.usdoj.gov/publicationsRedesign.xhtml,,,,,,,,,2026-03-03T16:42:27Z
Alabama,AL,2019,139,158,19,6,Fentanyl,139,Acetyl fentanyl,10,ANPP,5,Acetyl fentanyl,10,ANPP,5,Carfentanil,2,NFLISPublicData_2019_Table3.csv,https://www.nflis.deadiversion.usdoj.gov/publicationsRedesign.xhtml,,,,,,,,,2026-03-03T16:42:27Z
Arkansas,AR,2019,305,309,4,4,Fentanyl,305,Acetyl fentanyl,2,Carfentanil,1,Acetyl fentanyl,2,Carfentanil,1,Valeryl fentanyl,1,NFLISPublicData_2019_Table3.csv,https://www.nflis.deadiversion.usdoj.gov/publicationsRedesign.xhtml,,,,,,,,,2026-03-03T16:42:27Z
Arizona,AZ,2019,3229,3244,15,5,Fentanyl,3229,Acetyl fentanyl,10,Valeryl fentanyl,3,Acetyl fentanyl,10,Valeryl fentanyl,3,ANPP,1,NFLISPublicData_2019_Table3.csv,https://www.nflis.deadiversion.usdoj.gov/publicationsRedesign.xhtml,,,,,,,,,2026-03-03T16:42:27Z
California,CA,2019,2933,3198,265,9,Fentanyl,2933,ANPP,161,Acetyl fentanyl,58,ANPP,161,Acetyl fentanyl,58,Valeryl fentanyl,37,NFLISPublicData_2019_Table3.csv,https://www.nflis.deadiversion.usdoj.gov/publicationsRedesign.xhtml,,,,,,,,,2026-03-03T16:42:27Z
Colorado,CO,2019,275,285,10,5,Fentanyl,275,Furanyl fentanyl,3,para-Fluoro furanyl fentanyl,3,Furanyl fentanyl,3,para-Fluoro furanyl fentanyl,3,Acetyl fentanyl,2,NFLISPublicData_2019_Table3.csv,https://www.nflis.deadiversion.usdoj.gov/publicationsRedesign.xhtml,,,,,,,,,2026-03-03T16:42:27Z
Connecticut,CT,2019,492,568,76,6,Fentanyl,492,Acetyl fentanyl,43,ANPP,25,Acetyl fentanyl,43,ANPP,25,Valeryl fentanyl,6,NFLISPublicData_2019_Table3.csv,https://www.nflis.deadiversion.usdoj.gov/publicationsRedesign.xhtml,,,,,,,,,2026-03-03T16:42:27Z
District of Columbia,DC,2019,100,108,8,5,Fentanyl,100,para-Fluoroisobutyryl fentanyl,3,Acetyl fentanyl,2,para-Fluoroisobutyryl fentanyl,3,Acetyl fentanyl,2,Methoxyacetyl fentanyl,2,NFLISPublicData_2019_Table3.csv,https://www.nflis.deadiversion.usdoj.gov/publicationsRedesign.xhtml,,,,,,,,,2026-03-03T16:42:27Z
Delaware,DE,2019,47,52,5,4,Fentanyl,47,Acetyl fentanyl,2,ANPP,2,Acetyl fentanyl,2,ANPP,2,Valeryl fentanyl,1,NFLISPublicData_2019_Table3.csv,https://www.nflis.deadiversion.usdoj.gov/publicationsRedesign.xhtml,,,,,,,,,2026-03-03T16:42:27Z
Florida,FL,2019,4387,5326,939,16,Fentanyl,4387,Acetyl fentanyl,465,Fluoroisobutyryl fentanyl,190,Acetyl fentanyl,465,Fluoroisobutyryl fentanyl,190,Fluoro furanyl fentanyl,94,NFLISPublicData_2019_Table3.csv,https://www.nflis.deadiversion.usdoj.gov/publicationsRedesign.xhtml,,,,,,,,,2026-03-03T16:42:27Z
Georgia,GA,2019,203,244,41,13,Fentanyl,203,Carfentanil,16,Fluoroisobutyryl fentanyl,6,Carfentanil,16,Fluoroisobutyryl fentanyl,6,ANPP,4,NFLISPublicData_2019_Table3.csv,https://www.nflis.deadiversion.usdoj.gov/publicationsRedesign.xhtml,,,,,,,,,2026-03-03T16:42:27Z
Hawaii,HI,2019,4,5,1,2,Fentanyl,4,ANPP,1,,,ANPP,1,,,,,NFLISPublicData_2019_Table3.csv,https://www.nflis.deadiversion.usdoj.gov/publicationsRedesign.xhtml,,,,,,,,,2026-03-03T16:42:27Z
Iowa,IA,2019,461,538,77,10,Fentanyl,461,Acetyl fentanyl,42,ANPP,9,Acetyl fentanyl,42,ANPP,9,para-Fluoro furanyl fentanyl,5,NFLISPublicData_2019_Table3.csv,https://www.nflis.deadiversion.usdoj.gov/publicationsRedesign.xhtml,,,,,,,,,2026-03-03T16:42:27Z
Idaho,ID,2019,57,57,0,1,Fentanyl,57,,,,,,,,,,,NFLISPublicData_2019_Table3.csv,https://www.nflis.deadiversion.usdoj.gov/publicationsRedesign.xhtml,,,,,,,,,2026-03-03T16:42:27Z
Illinois,IL,2019,2458,2641,183,10,Fentanyl,2458,Acetyl fentanyl,95,Furanyl fentanyl,49,Acetyl fentanyl,95,Furanyl fentanyl,49,ANPP,20,NFLISPublicData_2019_Table3.csv,https://www.nflis.deadiversion.usdoj.gov/publicationsRedesign.xhtml,,,,,,,,,2026-03-03T16:42:27Z
Indiana,IN,2019,2040,2213,173,8,Fentanyl,2040,Acetyl fentanyl,134,ANPP,25,Acetyl fentanyl,134,ANPP,25,Methoxyacetyl fentanyl,7,NFLISPublicData_2019_Table3.csv,https://www.nflis.deadiversion.usdoj.gov/publicationsRedesign.xhtml,,,,,,,,,2026-03-03T16:42:27Z
Kansas,KS,2019,158,179,21,3,Fentanyl,158,ANPP,20,Acetyl fentanyl,1,ANPP,20,Acetyl fentanyl,1,,,NFLISPublicData_2019_Table3.csv,https://www.nflis.deadiversion.usdoj.gov/publicationsRedesign.xhtml,,,,,,,,,2026-03-03T16:42:27Z
Kentucky,KY,2019,3208,4074,866,11,Fentanyl,3208,Acetyl fentanyl,413,ANPP,330,Acetyl fentanyl,413,ANPP,330,Valeryl fentanyl,107,NFLISPublicData_2019_Table3.csv,https://www.nflis.deadiversion.usdoj.gov/publicationsRedesign.xhtml,,,,,,,,,2026-03-03T16:42:27Z
Louisiana,LA,2019,468,513,45,7,Fentanyl,468,ANPP,32,Acetyl fentanyl,5,ANPP,32,Acetyl fentanyl,5,Carfentanil,3,NFLISPublicData_2019_Table3.csv,https://www.nflis.deadiversion.usdoj.gov/publicationsRedesign.xhtml,,,,,,,,,2026-03-03T16:42:27Z
Massachusetts,MA,2019,8899,11207,2308,14,Fentanyl,8899,Acetyl fentanyl,1676,Valeryl fentanyl,528,Acetyl fentanyl,1676,Valeryl fentanyl,528,ANPP,57,NFLISPublicData_2019_Table3.csv,https://www.nflis.deadiversion.usdoj.gov/publicationsRedesign.xhtml,,,,,,,,,2026-03-03T16:42:27Z
Maryland,MD,2019,5887,7352,1465,8,Fentanyl,5887,Acetyl fentanyl,789,ANPP,617,Acetyl fentanyl,789,ANPP,617,para-Fluoroisobutyryl fentanyl,28,NFLISPublicData_2019_Table3.csv,https://www.nflis.deadiversion.usdoj.gov/publicationsRedesign.xhtml,,,,,,,,,2026-03-03T16:42:27Z
Maine,ME,2019,384,429,45,5,Fentanyl,384,Acetyl fentanyl,37,ANPP,5,Acetyl fentanyl,37,ANPP,5,para-Fluoroisobutyryl fentanyl,2,NFLISPublicData_2019_Table3.csv,https://www.nflis.deadiversion.usdoj.gov/publicationsRedesign.xhtml,,,,,,,,,2026-03-03T16:42:27Z
Michigan,MI,2019,1736,1949,213,5,Fentanyl,1736,Acetyl fentanyl,126,ANPP,83,Acetyl fentanyl,126,ANPP,83,Carfentanil,2,NFLISPublicData_2019_Table3.csv,https://www.nflis.deadiversion.usdoj.gov/publicationsRedesign.xhtml,,,,,,,,,2026-03-03T16:42:27Z
Minnesota,MN,2019,590,865,275,13,Fentanyl,590,Acetyl fentanyl,145,ANPP,81,Acetyl fentanyl,145,ANPP,81,para-Fluoroisobutyryl fentanyl,11,NFLISPublicData_2019_Table3.csv,https://www.nflis.deadiversion.usdoj.gov/publicationsRedesign.xhtml,,,,,,,,,2026-03-03T16:42:27Z
Missouri,MO,2019,3456,3642,186,9,Fentanyl,3456,Valeryl fentanyl,101,Acetyl fentanyl,57,Valeryl fentanyl,101,Acetyl fentanyl,57,ANPP,21,NFLISPublicData_2019_Table3.csv,https://www.nflis.deadiversion.usdoj.gov/publicationsRedesign.xhtml,,,,,,,,,2026-03-03T16:42:27Z
Mississippi,MS,2019,139,142,3,3,Fentanyl,139,Acetyl fentanyl,2,ANPP,1,Acetyl fentanyl,2,ANPP,1,,,NFLISPublicData_2019_Table3.csv,https://www.nflis.deadiversion.usdoj.gov/publicationsRedesign.xhtml,,,,,,,,,2026-03-03T16:42:27Z
Montana,MT,2019,27,27,0,1,Fentanyl,27,,,,,,,,,,,NFLISPublicData_2019_Table3.csv,https://www.nflis.deadiversion.usdoj.gov/publicationsRedesign.xhtml,,,,,,,,,2026-03-03T16:42:27Z
North Carolina,NC,2019,373,434,61,7,Fentanyl,373,Acetyl fentanyl,30,ANPP,17,Acetyl fentanyl,30,ANPP,17,para-Fluoroisobutyryl fentanyl,6,NFLISPublicData_2019_Table3.csv,https://www.nflis.deadiversion.usdoj.gov/publicationsRedesign.xhtml,,,,,,,,,2026-03-03T16:42:27Z
North Dakota,ND,2019,171,177,6,4,Fentanyl,171,Acetyl fentanyl,4,Carfentanil,1,Acetyl fentanyl,4,Carfentanil,1,Thiofuranyl fentanyl,1,NFLISPublicData_2019_Table3.csv,https://www.nflis.deadiversion.usdoj.gov/publicationsRedesign.xhtml,,,,,,,,,2026-03-03T16:42:27Z
Nebraska,NE,2019,16,22,6,3,Fentanyl,16,Acetyl fentanyl,5,ANPP,1,Acetyl fentanyl,5,ANPP,1,,,NFLISPublicData_2019_Table3.csv,https://www.nflis.deadiversion.usdoj.gov/publicationsRedesign.xhtml,,,,,,,,,2026-03-03T16:42:27Z
New Hampshire,NH,2019,1455,1764,309,5,Fentanyl,1455,Acetyl fentanyl,259,Valeryl fentanyl,47,Acetyl fentanyl,259,Valeryl fentanyl,47,ANPP,2,NFLISPublicData_2019_Table3.csv,https://www.nflis.deadiversion.usdoj.gov/publicationsRedesign.xhtml,,,,,,,,,2026-03-03T16:42:27Z
New Jersey,NJ,2019,9754,14392,4638,20,Fentanyl,9754,ANPP,2709,Acetyl fentanyl,1434,ANPP,2709,Acetyl fentanyl,1434,Fluoroisobutyryl fentanyl,146,NFLISPublicData_2019_Table3.csv,https://www.nflis.deadiversion.usdoj.gov/publicationsRedesign.xhtml,,,,,,,,,2026-03-03T16:42:27Z
New Mexico,NM,2019,122,134,12,4,Fentanyl,122,ANPP,10,Acetyl fentanyl,1,ANPP,10,Acetyl fentanyl,1,Furanyl fentanyl,1,NFLISPublicData_2019_Table3.csv,https://www.nflis.deadiversion.usdoj.gov/publicationsRedesign.xhtml,,,,,,,,,2026-03-03T16:42:27Z
Nevada,NV,2019,83,85,2,3,Fentanyl,83,Acetyl fentanyl,1,ANPP,1,Acetyl fentanyl,1,ANPP,1,,,NFLISPublicData_2019_Table3.csv,https://www.nflis.deadiversion.usdoj.gov/publicationsRedesign.xhtml,,,,,,,,,2026-03-03T16:42:27Z
New York,NY,2019,6899,7320,421,13,Fentanyl,6899,ANPP,174,Acetyl fentanyl,137,ANPP,174,Acetyl fentanyl,137,Butyryl fentanyl,78,NFLISPublicData_2019_Table3.csv,https://www.nflis.deadiversion.usdoj.gov/publicationsRedesign.xhtml,,,,,,,,,2026-03-03T16:42:27Z
Ohio,OH,2019,17064,25534,8470,27,Fentanyl,17064,Acetyl fentanyl,3895,Carfentanil,2712,Acetyl fentanyl,3895,Carfentanil,2712,ANPP,790,NFLISPublicData_2019_Table3.csv,https://www.nflis.deadiversion.usdoj.gov/publicationsRedesign.xhtml,,,,,,,,,2026-03-03T16:42:27Z
Oklahoma,OK,2019,114,118,4,5,Fentanyl,114,Acetyl fentanyl,1,ANPP,1,Acetyl fentanyl,1,ANPP,1,Benzylfentanyl,1,NFLISPublicData_2019_Table3.csv,https://www.nflis.deadiversion.usdoj.gov/publicationsRedesign.xhtml,,,,,,,,,2026-03-03T16:42:27Z
Oregon,OR,2019,194,210,16,5,Fentanyl,194,Acetyl fentanyl,10,Cyclopropyl fentanyl,3,Acetyl fentanyl,10,Cyclopropyl fentanyl,3,Furanyl fentanyl,2,NFLISPublicData_2019_Table3.csv,https://www.nflis.deadiversion.usdoj.gov/publicationsRedesign.xhtml,,,,,,,,,2026-03-03T16:42:27Z
Pennsylvania,PA,2019,11808,14190,2382,18,Fentanyl,11808,Acetyl fentanyl,1566,Valeryl fentanyl,392,Acetyl fentanyl,1566,Valeryl fentanyl,392,ANPP,128,NFLISPublicData_2019_Table3.csv,https://www.nflis.deadiversion.usdoj.gov/publicationsRedesign.xhtml,,,,,,,,,2026-03-03T16:42:27Z
Rhode Island,RI,2019,643,807,164,9,Fentanyl,643,Acetyl fentanyl,81,Valeryl fentanyl,32,Acetyl fentanyl,81,Valeryl fentanyl,32,Carfentanil,31,NFLISPublicData_2019_Table3.csv,https://www.nflis.deadiversion.usdoj.gov/publicationsRedesign.xhtml,,,,,,,,,2026-03-03T16:42:27Z
South Carolina,SC,2019,1246,1467,221,13,Fentanyl,1246,Acetyl fentanyl,187,Valeryl fentanyl,10,Acetyl fentanyl,187,Valeryl fentanyl,10,Fluoroisobutyryl fentanyl,7,NFLISPublicData_2019_Table3.csv,https://www.nflis.deadiversion.usdoj.gov/publicationsRedesign.xhtml,,,,,,,,,2026-03-03T16:42:27Z
South Dakota,SD,2019,7,7,0,1,Fentanyl,7,,,,,,,,,,,NFLISPublicData_2019_Table3.csv,https://www.nflis.deadiversion.usdoj.gov/publicationsRedesign.xhtml,,,,,,,,,2026-03-03T16:42:27Z
Tennessee,TN,2019,1970,2428,458,9,Fentanyl,1970,Acetyl fentanyl,218,ANPP,189,Acetyl fentanyl,218,ANPP,189,Carfentanil,32,NFLISPublicData_2019_Table3.csv,https://www.nflis.deadiversion.usdoj.gov/publicationsRedesign.xhtml,,,,,,,,,2026-03-03T16:42:27Z
Texas,TX,2019,419,496,77,6,Fentanyl,419,Carfentanil,40,ANPP,27,Carfentanil,40,ANPP,27,Benzylfentanyl,7,NFLISPublicData_2019_Table3.csv,https://www.nflis.deadiversion.usdoj.gov/publicationsRedesign.xhtml,,,,,,,,,2026-03-03T16:42:27Z
Utah,UT,2019,68,70,2,3,Fentanyl,68,Carfentanil,1,Furanyl fentanyl,1,Carfentanil,1,Furanyl fentanyl,1,,,NFLISPublicData_2019_Table3.csv,https://www.nflis.deadiversion.usdoj.gov/publicationsRedesign.xhtml,,,,,,,,,2026-03-03T16:42:27Z
Virginia,VA,2019,3342,3864,522,11,Fentanyl,3342,Acetyl fentanyl,321,ANPP,118,Acetyl fentanyl,321,ANPP,118,para-Fluoroisobutyryl fentanyl,30,NFLISPublicData_2019_Table3.csv,https://www.nflis.deadiversion.usdoj.gov/publicationsRedesign.xhtml,,,,,,,,,2026-03-03T16:42:27Z
Vermont,VT,2019,326,430,104,3,Fentanyl,326,ANPP,70,Acetyl fentanyl,34,ANPP,70,Acetyl fentanyl,34,,,NFLISPublicData_2019_Table3.csv,https://www.nflis.deadiversion.usdoj.gov/publicationsRedesign.xhtml,,,,,,,,,2026-03-03T16:42:27Z
Washington,WA,2019,586,647,61,7,Fentanyl,586,ANPP,38,Acetyl fentanyl,14,ANPP,38,Acetyl fentanyl,14,Carfentanil,4,NFLISPublicData_2019_Table3.csv,https://www.nflis.deadiversion.usdoj.gov/publicationsRedesign.xhtml,,,,,,,,,2026-03-03T16:42:27Z
Wisconsin,WI,2019,585,657,72,11,Fentanyl,585,Acetyl fentanyl,48,ANPP,14,Acetyl fentanyl,48,ANPP,14,Furanyl fentanyl,3,NFLISPublicData_2019_Table3.csv,https://www.nflis.deadiversion.usdoj.gov/publicationsRedesign.xhtml,,,,,,,,,2026-03-03T16:42:27Z
West Virginia,WV,2019,1100,1379,279,15,Fentanyl,1100,Acetyl fentanyl,156,Carfentanil,35,Acetyl fentanyl,156,Carfentanil,35,ANPP,19,NFLISPublicData_2019_Table3.csv,https://www.nflis.deadiversion.usdoj.gov/publicationsRedesign.xhtml,,,,,,,,,2026-03-03T16:42:27Z
Wyoming,WY,2019,23,25,2,3,Fentanyl,23,Acetyl fentanyl,1,Cyclopropyl fentanyl,1,Acetyl fentanyl,1,Cyclopropyl fentanyl,1,,,NFLISPublicData_2019_Table3.csv,https://www.nflis.deadiversion.usdoj.gov/publicationsRedesign.xhtml,,,,,,,,,2026-03-03T16:42:27Z
Alaska,AK,2020,54,54,0,1,Fentanyl,54,,,,,,,,,,,2020NFLISWebsiteTable3.csv,https://www.nflis.deadiversion.usdoj.gov/publicationsRedesign.xhtml,,,,,,,,,2026-03-03T16:42:27Z
Alabama,AL,2020,116,145,29,3,Fentanyl,116,ANPP,28,Acetyl fentanyl,1,ANPP,28,Acetyl fentanyl,1,,,2020NFLISWebsiteTable3.csv,https://www.nflis.deadiversion.usdoj.gov/publicationsRedesign.xhtml,,,,,,,,,2026-03-03T16:42:27Z
Arkansas,AR,2020,424,440,16,5,Fentanyl,424,Furanyl fentanyl,12,Acetyl fentanyl,2,Furanyl fentanyl,12,Acetyl fentanyl,2,ANPP,1,2020NFLISWebsiteTable3.csv,https://www.nflis.deadiversion.usdoj.gov/publicationsRedesign.xhtml,,,,,,,,,2026-03-03T16:42:27Z
Arizona,AZ,2020,7936,7956,20,3,Fentanyl,7936,ANPP,12,Acetyl fentanyl,8,ANPP,12,Acetyl fentanyl,8,,,2020NFLISWebsiteTable3.csv,https://www.nflis.deadiversion.usdoj.gov/publicationsRedesign.xhtml,,,,,,,,,2026-03-03T16:42:27Z
California,CA,2020,4454,5092,638,8,Fentanyl,4454,ANPP,578,Acetyl fentanyl,31,ANPP,578,Acetyl fentanyl,31,para-Fluorofentanyl,13,2020NFLISWebsiteTable3.csv,https://www.nflis.deadiversion.usdoj.gov/publicationsRedesign.xhtml,,,,,,,,,2026-03-03T16:42:27Z
Colorado,CO,2020,649,653,4,3,Fentanyl,649,ANPP,3,Carfentanil,1,ANPP,3,Carfentanil,1,,,2020NFLISWebsiteTable3.csv,https://www.nflis.deadiversion.usdoj.gov/publicationsRedesign.xhtml,,,,,,,,,2026-03-03T16:42:27Z
Connecticut,CT,2020,314,337,23,4,Fentanyl,314,ANPP,16,Acetyl fentanyl,4,ANPP,16,Acetyl fentanyl,4,Valeryl fentanyl,3,2020NFLISWebsiteTable3.csv,https://www.nflis.deadiversion.usdoj.gov/publicationsRedesign.xhtml,,,,,,,,,2026-03-03T16:42:27Z
District of Columbia,DC,2020,96,99,3,2,Fentanyl,96,ANPP,3,,,ANPP,3,,,,,2020NFLISWebsiteTable3.csv,https://www.nflis.deadiversion.usdoj.gov/publicationsRedesign.xhtml,,,,,,,,,2026-03-03T16:42:27Z
Delaware,DE,2020,12,14,2,2,Fentanyl,12,ANPP,2,,,ANPP,2,,,,,2020NFLISWebsiteTable3.csv,https://www.nflis.deadiversion.usdoj.gov/publicationsRedesign.xhtml,,,,,,,,,2026-03-03T16:42:27Z
Florida,FL,2020,6396,6548,152,9,Fentanyl,6396,ANPP,64,Acetyl fentanyl,49,ANPP,64,Acetyl fentanyl,49,Carfentanil,17,2020NFLISWebsiteTable3.csv,https://www.nflis.deadiversion.usdoj.gov/publicationsRedesign.xhtml,,,,,,,,,2026-03-03T16:42:27Z
Georgia,GA,2020,591,623,32,7,Fentanyl,591,ANPP,16,Carfentanil,11,ANPP,16,Carfentanil,11,para-Fluoroisobutyryl fentanyl,2,2020NFLISWebsiteTable3.csv,https://www.nflis.deadiversion.usdoj.gov/publicationsRedesign.xhtml,,,,,,,,,2026-03-03T16:42:27Z
Hawaii,HI,2020,22,22,0,1,Fentanyl,22,,,,,,,,,,,2020NFLISWebsiteTable3.csv,https://www.nflis.deadiversion.usdoj.gov/publicationsRedesign.xhtml,,,,,,,,,2026-03-03T16:42:27Z
Iowa,IA,2020,619,678,59,4,Fentanyl,619,Acetyl fentanyl,52,Methoxyacetyl fentanyl,5,Acetyl fentanyl,52,Methoxyacetyl fentanyl,5,ANPP,2,2020NFLISWebsiteTable3.csv,https://www.nflis.deadiversion.usdoj.gov/publicationsRedesign.xhtml,,,,,,,,,2026-03-03T16:42:27Z
Idaho,ID,2020,151,151,0,1,Fentanyl,151,,,,,,,,,,,2020NFLISWebsiteTable3.csv,https://www.nflis.deadiversion.usdoj.gov/publicationsRedesign.xhtml,,,,,,,,,2026-03-03T16:42:27Z
Illinois,IL,2020,5110,5204,94,8,Fentanyl,5110,Acetyl fentanyl,44,ANPP,25,Acetyl fentanyl,44,ANPP,25,para-Fluorofentanyl,13,2020NFLISWebsiteTable3.csv,https://www.nflis.deadiversion.usdoj.gov/publicationsRedesign.xhtml,,,,,,,,,2026-03-03T16:42:27Z
Indiana,IN,2020,1934,2050,116,7,Fentanyl,1934,Acetyl fentanyl,83,ANPP,21,Acetyl fentanyl,83,ANPP,21,Valeryl fentanyl,7,2020NFLISWebsiteTable3.csv,https://www.nflis.deadiversion.usdoj.gov/publicationsRedesign.xhtml,,,,,,,,,2026-03-03T16:42:27Z
Kansas,KS,2020,242,333,91,4,Fentanyl,242,ANPP,84,Fluorofentanyl,4,ANPP,84,Fluorofentanyl,4,Acetyl fentanyl,3,2020NFLISWebsiteTable3.csv,https://www.nflis.deadiversion.usdoj.gov/publicationsRedesign.xhtml,,,,,,,,,2026-03-03T16:42:27Z
Kentucky,KY,2020,3850,4233,383,9,Fentanyl,3850,Acetyl fentanyl,292,Valeryl fentanyl,65,Acetyl fentanyl,292,Valeryl fentanyl,65,ortho-Fluorofentanyl,10,2020NFLISWebsiteTable3.csv,https://www.nflis.deadiversion.usdoj.gov/publicationsRedesign.xhtml,,,,,,,,,2026-03-03T16:42:27Z
Louisiana,LA,2020,1283,1389,106,7,Fentanyl,1283,ANPP,97,Acetyl fentanyl,5,ANPP,97,Acetyl fentanyl,5,Carfentanil,1,2020NFLISWebsiteTable3.csv,https://www.nflis.deadiversion.usdoj.gov/publicationsRedesign.xhtml,,,,,,,,,2026-03-03T16:42:27Z
Massachusetts,MA,2020,4697,5137,440,9,Fentanyl,4697,Acetyl fentanyl,319,Valeryl fentanyl,63,Acetyl fentanyl,319,Valeryl fentanyl,63,Fluorofentanyl,35,2020NFLISWebsiteTable3.csv,https://www.nflis.deadiversion.usdoj.gov/publicationsRedesign.xhtml,,,,,,,,,2026-03-03T16:42:27Z
Maryland,MD,2020,4740,5536,796,9,Fentanyl,4740,ANPP,685,Acetyl fentanyl,100,ANPP,685,Acetyl fentanyl,100,para-Fluoroisobutyryl fentanyl,3,2020NFLISWebsiteTable3.csv,https://www.nflis.deadiversion.usdoj.gov/publicationsRedesign.xhtml,,,,,,,,,2026-03-03T16:42:27Z
Maine,ME,2020,540,582,42,3,Fentanyl,540,Acetyl fentanyl,36,ANPP,6,Acetyl fentanyl,36,ANPP,6,,,2020NFLISWebsiteTable3.csv,https://www.nflis.deadiversion.usdoj.gov/publicationsRedesign.xhtml,,,,,,,,,2026-03-03T16:42:27Z
Michigan,MI,2020,1641,1978,337,3,Fentanyl,1641,ANPP,254,Acetyl fentanyl,83,ANPP,254,Acetyl fentanyl,83,,,2020NFLISWebsiteTable3.csv,https://www.nflis.deadiversion.usdoj.gov/publicationsRedesign.xhtml,,,,,,,,,2026-03-03T16:42:27Z
Minnesota,MN,2020,984,1272,288,8,Fentanyl,984,ANPP,217,Acetyl fentanyl,32,ANPP,217,Acetyl fentanyl,32,Carfentanil,26,2020NFLISWebsiteTable3.csv,https://www.nflis.deadiversion.usdoj.gov/publicationsRedesign.xhtml,,,,,,,,,2026-03-03T16:42:27Z
Missouri,MO,2020,4332,4418,86,8,Fentanyl,4332,Acetyl fentanyl,32,Valeryl fentanyl,22,Acetyl fentanyl,32,Valeryl fentanyl,22,ANPP,17,2020NFLISWebsiteTable3.csv,https://www.nflis.deadiversion.usdoj.gov/publicationsRedesign.xhtml,,,,,,,,,2026-03-03T16:42:27Z
Mississippi,MS,2020,345,352,7,4,Fentanyl,345,ANPP,4,Acetyl fentanyl,2,ANPP,4,Acetyl fentanyl,2,N-Methyl norfentanyl,1,2020NFLISWebsiteTable3.csv,https://www.nflis.deadiversion.usdoj.gov/publicationsRedesign.xhtml,,,,,,,,,2026-03-03T16:42:27Z
Montana,MT,2020,33,34,1,2,Fentanyl,33,ANPP,1,,,ANPP,1,,,,,2020NFLISWebsiteTable3.csv,https://www.nflis.deadiversion.usdoj.gov/publicationsRedesign.xhtml,,,,,,,,,2026-03-03T16:42:27Z
North Carolina,NC,2020,1016,1475,459,12,Fentanyl,1016,ANPP,366,Acetyl fentanyl,53,ANPP,366,Acetyl fentanyl,53,Carfentanil,16,2020NFLISWebsiteTable3.csv,https://www.nflis.deadiversion.usdoj.gov/publicationsRedesign.xhtml,,,,,,,,,2026-03-03T16:42:27Z
North Dakota,ND,2020,290,292,2,3,Fentanyl,290,Acetyl fentanyl,1,Carfentanil,1,Acetyl fentanyl,1,Carfentanil,1,,,2020NFLISWebsiteTable3.csv,https://www.nflis.deadiversion.usdoj.gov/publicationsRedesign.xhtml,,,,,,,,,2026-03-03T16:42:27Z
Nebraska,NE,2020,77,120,43,3,Fentanyl,77,ANPP,38,Acetyl fentanyl,5,ANPP,38,Acetyl fentanyl,5,,,2020NFLISWebsiteTable3.csv,https://www.nflis.deadiversion.usdoj.gov/publicationsRedesign.xhtml,,,,,,,,,2026-03-03T16:42:27Z
New Hampshire,NH,2020,1435,1545,110,7,Fentanyl,1435,Acetyl fentanyl,94,Valeryl fentanyl,8,Acetyl fentanyl,94,Valeryl fentanyl,8,ANPP,3,2020NFLISWebsiteTable3.csv,https://www.nflis.deadiversion.usdoj.gov/publicationsRedesign.xhtml,,,,,,,,,2026-03-03T16:42:27Z
New Jersey,NJ,2020,8689,12557,3868,20,Fentanyl,8689,ANPP,3451,Acetyl fentanyl,245,ANPP,3451,Acetyl fentanyl,245,Fluorofentanyl,73,2020NFLISWebsiteTable3.csv,https://www.nflis.deadiversion.usdoj.gov/publicationsRedesign.xhtml,,,,,,,,,2026-03-03T16:42:27Z
New Mexico,NM,2020,123,132,9,3,Fentanyl,123,ANPP,8,Acetyl fentanyl,1,ANPP,8,Acetyl fentanyl,1,,,2020NFLISWebsiteTable3.csv,https://www.nflis.deadiversion.usdoj.gov/publicationsRedesign.xhtml,,,,,,,,,2026-03-03T16:42:27Z
Nevada,NV,2020,146,169,23,4,Fentanyl,146,ANPP,20,Acetyl fentanyl,2,ANPP,20,Acetyl fentanyl,2,Valeryl fentanyl,1,2020NFLISWebsiteTable3.csv,https://www.nflis.deadiversion.usdoj.gov/publicationsRedesign.xhtml,,,,,,,,,2026-03-03T16:42:27Z
New York,NY,2020,6813,7718,905,15,Fentanyl,6813,ANPP,622,Acetyl fentanyl,215,ANPP,622,Acetyl fentanyl,215,Butyryl fentanyl,23,2020NFLISWebsiteTable3.csv,https://www.nflis.deadiversion.usdoj.gov/publicationsRedesign.xhtml,,,,,,,,,2026-03-03T16:42:27Z
Ohio,OH,2020,16643,22184,5541,25,Fentanyl,16643,ANPP,2332,Acetyl fentanyl,1559,ANPP,2332,Acetyl fentanyl,1559,Carfentanil,1075,2020NFLISWebsiteTable3.csv,https://www.nflis.deadiversion.usdoj.gov/publicationsRedesign.xhtml,,,,,,,,,2026-03-03T16:42:27Z
Oklahoma,OK,2020,185,192,7,3,Fentanyl,185,ANPP,5,Acetyl fentanyl,2,ANPP,5,Acetyl fentanyl,2,,,2020NFLISWebsiteTable3.csv,https://www.nflis.deadiversion.usdoj.gov/publicationsRedesign.xhtml,,,,,,,,,2026-03-03T16:42:27Z
Oregon,OR,2020,377,394,17,4,Fentanyl,377,Acetyl fentanyl,11,ANPP,4,Acetyl fentanyl,11,ANPP,4,para-Fluorofentanyl,2,2020NFLISWebsiteTable3.csv,https://www.nflis.deadiversion.usdoj.gov/publicationsRedesign.xhtml,,,,,,,,,2026-03-03T16:42:27Z
Pennsylvania,PA,2020,9392,10022,630,21,Fentanyl,9392,Acetyl fentanyl,413,Valeryl fentanyl,48,Acetyl fentanyl,413,Valeryl fentanyl,48,Fluorofentanyl,41,2020NFLISWebsiteTable3.csv,https://www.nflis.deadiversion.usdoj.gov/publicationsRedesign.xhtml,,,,,,,,,2026-03-03T16:42:27Z
Rhode Island,RI,2020,549,645,96,6,Fentanyl,549,Fentanyl-related compound (unspecified),66,Carfentanil,15,Fentanyl-related compound (unspecified),66,Carfentanil,15,Acetyl fentanyl,12,2020NFLISWebsiteTable3.csv,https://www.nflis.deadiversion.usdoj.gov/publicationsRedesign.xhtml,,,,,,,,,2026-03-03T16:42:27Z
South Carolina,SC,2020,1036,1121,85,10,Fentanyl,1036,Acetyl fentanyl,59,Furanyl benzyl fentanyl,6,Acetyl fentanyl,59,Furanyl benzyl fentanyl,6,Valeryl fentanyl,6,2020NFLISWebsiteTable3.csv,https://www.nflis.deadiversion.usdoj.gov/publicationsRedesign.xhtml,,,,,,,,,2026-03-03T16:42:27Z
South Dakota,SD,2020,4,6,2,2,Fentanyl,4,ANPP,2,,,ANPP,2,,,,,2020NFLISWebsiteTable3.csv,https://www.nflis.deadiversion.usdoj.gov/publicationsRedesign.xhtml,,,,,,,,,2026-03-03T16:42:27Z
Tennessee,TN,2020,3685,4751,1066,9,Fentanyl,3685,ANPP,744,Acetyl fentanyl,277,ANPP,744,Acetyl fentanyl,277,para-Fluorofentanyl,19,2020NFLISWebsiteTable3.csv,https://www.nflis.deadiversion.usdoj.gov/publicationsRedesign.xhtml,,,,,,,,,2026-03-03T16:42:27Z
Texas,TX,2020,888,1017,129,7,Fentanyl,888,ANPP,90,Carfentanil,31,ANPP,90,Carfentanil,31,Acetyl fentanyl,3,2020NFLISWebsiteTable3.csv,https://www.nflis.deadiversion.usdoj.gov/publicationsRedesign.xhtml,,,,,,,,,2026-03-03T16:42:27Z
Utah,UT,2020,52,53,1,2,Fentanyl,52,Acetyl fentanyl,1,,,Acetyl fentanyl,1,,,,,2020NFLISWebsiteTable3.csv,https://www.nflis.deadiversion.usdoj.gov/publicationsRedesign.xhtml,,,,,,,,,2026-03-03T16:42:27Z
Virginia,VA,2020,5558,5815,257,12,Fentanyl,5558,Acetyl fentanyl,108,ANPP,91,Acetyl fentanyl,108,ANPP,91,para-Fluorofentanyl,18,2020NFLISWebsiteTable3.csv,https://www.nflis.deadiversion.usdoj.gov/publicationsRedesign.xhtml,,,,,,,,,2026-03-03T16:42:27Z
Vermont,VT,2020,615,808,193,3,Fentanyl,615,ANPP,183,Acetyl fentanyl,10,ANPP,183,Acetyl fentanyl,10,,,2020NFLISWebsiteTable3.csv,https://www.nflis.deadiversion.usdoj.gov/publicationsRedesign.xhtml,,,,,,,,,2026-03-03T16:42:27Z
Washington,WA,2020,1142,1194,52,6,Fentanyl,1142,ANPP,38,Acetyl fentanyl,11,ANPP,38,Acetyl fentanyl,11,Carfentanil,1,2020NFLISWebsiteTable3.csv,https://www.nflis.deadiversion.usdoj.gov/publicationsRedesign.xhtml,,,,,,,,,2026-03-03T16:42:27Z
Wisconsin,WI,2020,804,876,72,4,Fentanyl,804,ANPP,39,Acetyl fentanyl,30,ANPP,39,Acetyl fentanyl,30,Valeryl fentanyl,3,2020NFLISWebsiteTable3.csv,https://www.nflis.deadiversion.usdoj.gov/publicationsRedesign.xhtml,,,,,,,,,2026-03-03T16:42:27Z
West Virginia,WV,2020,1517,1709,192,14,Fentanyl,1517,Acetyl fentanyl,83,ANPP,64,Acetyl fentanyl,83,ANPP,64,Carfentanil,26,2020NFLISWebsiteTable3.csv,https://www.nflis.deadiversion.usdoj.gov/publicationsRedesign.xhtml,,,,,,,,,2026-03-03T16:42:27Z
Wyoming,WY,2020,39,40,1,2,Fentanyl,39,ANPP,1,,,ANPP,1,,,,,2020NFLISWebsiteTable3.csv,https://www.nflis.deadiversion.usdoj.gov/publicationsRedesign.xhtml,,,,,,,,,2026-03-03T16:42:27Z
Alaska,AK,2021,132,143,11,4,Fentanyl,132,Acetyl fentanyl,5,para-Fluorofentanyl,4,Acetyl fentanyl,5,para-Fluorofentanyl,4,N-Methyl norfentanyl,2,2021NFLISWebsiteTable3.csv,https://www.nflis.deadiversion.usdoj.gov/publicationsRedesign.xhtml,,,,,,,,,2026-03-03T16:42:27Z
Alabama,AL,2021,287,378,91,6,Fentanyl,287,ANPP,73,para-Fluorofentanyl,13,ANPP,73,para-Fluorofentanyl,13,Acetyl fentanyl,2,2021NFLISWebsiteTable3.csv,https://www.nflis.deadiversion.usdoj.gov/publicationsRedesign.xhtml,,,,,,,,,2026-03-03T16:42:27Z
Arkansas,AR,2021,823,881,58,5,Fentanyl,823,para-Fluorofentanyl,48,ANPP,8,para-Fluorofentanyl,48,ANPP,8,Acetyl fentanyl,1,2021NFLISWebsiteTable3.csv,https://www.nflis.deadiversion.usdoj.gov/publicationsRedesign.xhtml,,,,,,,,,2026-03-03T16:42:27Z
Arizona,AZ,2021,13425,13795,370,7,Fentanyl,13425,para-Fluorofentanyl,199,ANPP,136,para-Fluorofentanyl,199,ANPP,136,Fluorofentanyl,22,2021NFLISWebsiteTable3.csv,https://www.nflis.deadiversion.usdoj.gov/publicationsRedesign.xhtml,,,,,,,,,2026-03-03T16:42:27Z
California,CA,2021,8060,9889,1829,29,Fentanyl,8060,ANPP,776,para-Fluorofentanyl,382,ANPP,776,para-Fluorofentanyl,382,Fluorofentanyl,282,2021NFLISWebsiteTable3.csv,https://www.nflis.deadiversion.usdoj.gov/publicationsRedesign.xhtml,,,,,,,,,2026-03-03T16:42:27Z
Colorado,CO,2021,1945,2013,68,7,Fentanyl,1945,para-Fluorofentanyl,41,Fluorofentanyl,16,para-Fluorofentanyl,41,Fluorofentanyl,16,ANPP,5,2021NFLISWebsiteTable3.csv,https://www.nflis.deadiversion.usdoj.gov/publicationsRedesign.xhtml,,,,,,,,,2026-03-03T16:42:27Z
Connecticut,CT,2021,493,596,103,10,Fentanyl,493,para-Fluorofentanyl,60,Acetyl fentanyl,16,para-Fluorofentanyl,60,Acetyl fentanyl,16,ANPP,13,2021NFLISWebsiteTable3.csv,https://www.nflis.deadiversion.usdoj.gov/publicationsRedesign.xhtml,,,,,,,,,2026-03-03T16:42:27Z
District of Columbia,DC,2021,109,128,19,3,Fentanyl,109,para-Fluorofentanyl,13,ANPP,6,para-Fluorofentanyl,13,ANPP,6,,,2021NFLISWebsiteTable3.csv,https://www.nflis.deadiversion.usdoj.gov/publicationsRedesign.xhtml,,,,,,,,,2026-03-03T16:42:27Z
Delaware,DE,2021,36,44,8,3,Fentanyl,36,para-Fluorofentanyl,7,Acetyl fentanyl,1,para-Fluorofentanyl,7,Acetyl fentanyl,1,,,2021NFLISWebsiteTable3.csv,https://www.nflis.deadiversion.usdoj.gov/publicationsRedesign.xhtml,,,,,,,,,2026-03-03T16:42:27Z
Florida,FL,2021,7952,8891,939,11,Fentanyl,7952,Fluorofentanyl,398,para-Fluorofentanyl,377,Fluorofentanyl,398,para-Fluorofentanyl,377,ANPP,91,2021NFLISWebsiteTable3.csv,https://www.nflis.deadiversion.usdoj.gov/publicationsRedesign.xhtml,,,,,,,,,2026-03-03T16:42:27Z
Georgia,GA,2021,1056,1186,130,10,Fentanyl,1056,para-Fluorofentanyl,78,ANPP,33,para-Fluorofentanyl,78,ANPP,33,Carfentanil,9,2021NFLISWebsiteTable3.csv,https://www.nflis.deadiversion.usdoj.gov/publicationsRedesign.xhtml,,,,,,,,,2026-03-03T16:42:27Z
Hawaii,HI,2021,131,170,39,4,Fentanyl,131,ANPP,37,para-Fluorofentanyl,1,ANPP,37,para-Fluorofentanyl,1,Valeryl fentanyl,1,2021NFLISWebsiteTable3.csv,https://www.nflis.deadiversion.usdoj.gov/publicationsRedesign.xhtml,,,,,,,,,2026-03-03T16:42:27Z
Iowa,IA,2021,655,813,158,4,Fentanyl,655,Acetyl fentanyl,86,para-Fluorofentanyl,44,Acetyl fentanyl,86,para-Fluorofentanyl,44,Fluorofentanyl,28,2021NFLISWebsiteTable3.csv,https://www.nflis.deadiversion.usdoj.gov/publicationsRedesign.xhtml,,,,,,,,,2026-03-03T16:42:27Z
Idaho,ID,2021,948,1071,123,8,Fentanyl,948,Fluorofentanyl,95,ANPP,11,Fluorofentanyl,95,ANPP,11,para-Fluorofentanyl,11,2021NFLISWebsiteTable3.csv,https://www.nflis.deadiversion.usdoj.gov/publicationsRedesign.xhtml,,,,,,,,,2026-03-03T16:42:27Z
Illinois,IL,2021,5914,6246,332,8,Fentanyl,5914,para-Fluorofentanyl,226,ANPP,45,para-Fluorofentanyl,226,ANPP,45,para-Chlorofentanyl,29,2021NFLISWebsiteTable3.csv,https://www.nflis.deadiversion.usdoj.gov/publicationsRedesign.xhtml,,,,,,,,,2026-03-03T16:42:27Z
Indiana,IN,2021,2791,3078,287,10,Fentanyl,2791,para-Fluorofentanyl,123,ANPP,87,para-Fluorofentanyl,123,ANPP,87,Acetyl fentanyl,41,2021NFLISWebsiteTable3.csv,https://www.nflis.deadiversion.usdoj.gov/publicationsRedesign.xhtml,,,,,,,,,2026-03-03T16:42:27Z
Kansas,KS,2021,976,1318,342,5,Fentanyl,976,ANPP,225,Fluorofentanyl,103,ANPP,225,Fluorofentanyl,103,para-Fluorofentanyl,9,2021NFLISWebsiteTable3.csv,https://www.nflis.deadiversion.usdoj.gov/publicationsRedesign.xhtml,,,,,,,,,2026-03-03T16:42:27Z
Kentucky,KY,2021,4877,5775,898,12,Fentanyl,4877,Fluorofentanyl,677,Acetyl fentanyl,134,Fluorofentanyl,677,Acetyl fentanyl,134,para-Fluorofentanyl,68,2021NFLISWebsiteTable3.csv,https://www.nflis.deadiversion.usdoj.gov/publicationsRedesign.xhtml,,,,,,,,,2026-03-03T16:42:27Z
Louisiana,LA,2021,2401,2851,450,10,Fentanyl,2401,ANPP,194,para-Fluorofentanyl,110,ANPP,194,para-Fluorofentanyl,110,Fluorofentanyl,81,2021NFLISWebsiteTable3.csv,https://www.nflis.deadiversion.usdoj.gov/publicationsRedesign.xhtml,,,,,,,,,2026-03-03T16:42:27Z
Massachusetts,MA,2021,6355,8157,1802,12,Fentanyl,6355,Fluorofentanyl,1411,Acetyl fentanyl,256,Fluorofentanyl,1411,Acetyl fentanyl,256,para-Fluorofentanyl,75,2021NFLISWebsiteTable3.csv,https://www.nflis.deadiversion.usdoj.gov/publicationsRedesign.xhtml,,,,,,,,,2026-03-03T16:42:27Z
Maryland,MD,2021,4101,4323,222,8,Fentanyl,4101,para-Fluoro furanyl fentanyl,77,para-Fluorofentanyl,75,para-Fluoro furanyl fentanyl,77,para-Fluorofentanyl,75,Acetyl fentanyl,42,2021NFLISWebsiteTable3.csv,https://www.nflis.deadiversion.usdoj.gov/publicationsRedesign.xhtml,,,,,,,,,2026-03-03T16:42:27Z
Maine,ME,2021,702,730,28,4,Fentanyl,702,Acetyl fentanyl,19,para-Fluorofentanyl,8,Acetyl fentanyl,19,para-Fluorofentanyl,8,ANPP,1,2021NFLISWebsiteTable3.csv,https://www.nflis.deadiversion.usdoj.gov/publicationsRedesign.xhtml,,,,,,,,,2026-03-03T16:42:27Z
Michigan,MI,2021,630,986,356,5,Fentanyl,630,ANPP,280,para-Fluorofentanyl,48,ANPP,280,para-Fluorofentanyl,48,Acetyl fentanyl,27,2021NFLISWebsiteTable3.csv,https://www.nflis.deadiversion.usdoj.gov/publicationsRedesign.xhtml,,,,,,,,,2026-03-03T16:42:27Z
Minnesota,MN,2021,1768,2478,710,7,Fentanyl,1768,ANPP,443,Fluorofentanyl,183,ANPP,443,Fluorofentanyl,183,Acetyl fentanyl,65,2021NFLISWebsiteTable3.csv,https://www.nflis.deadiversion.usdoj.gov/publicationsRedesign.xhtml,,,,,,,,,2026-03-03T16:42:27Z
Missouri,MO,2021,5276,5809,533,10,Fentanyl,5276,para-Fluorofentanyl,465,Acetyl fentanyl,28,para-Fluorofentanyl,465,Acetyl fentanyl,28,ANPP,16,2021NFLISWebsiteTable3.csv,https://www.nflis.deadiversion.usdoj.gov/publicationsRedesign.xhtml,,,,,,,,,2026-03-03T16:42:27Z
Mississippi,MS,2021,586,726,140,5,Fentanyl,586,ANPP,79,para-Fluorofentanyl,46,ANPP,79,para-Fluorofentanyl,46,Acetyl fentanyl,14,2021NFLISWebsiteTable3.csv,https://www.nflis.deadiversion.usdoj.gov/publicationsRedesign.xhtml,,,,,,,,,2026-03-03T16:42:27Z
Montana,MT,2021,269,301,32,4,Fentanyl,269,para-Fluorofentanyl,28,Acetyl fentanyl,2,para-Fluorofentanyl,28,Acetyl fentanyl,2,ANPP,2,2021NFLISWebsiteTable3.csv,https://www.nflis.deadiversion.usdoj.gov/publicationsRedesign.xhtml,,,,,,,,,2026-03-03T16:42:27Z
North Carolina,NC,2021,1917,2919,1002,17,Fentanyl,1917,ANPP,699,Fluorofentanyl,136,ANPP,699,Fluorofentanyl,136,Phenethyl 4-ANPP,71,2021NFLISWebsiteTable3.csv,https://www.nflis.deadiversion.usdoj.gov/publicationsRedesign.xhtml,,,,,,,,,2026-03-03T16:42:27Z
North Dakota,ND,2021,261,268,7,3,Fentanyl,261,para-Fluorofentanyl,4,Acetyl fentanyl,3,para-Fluorofentanyl,4,Acetyl fentanyl,3,,,2021NFLISWebsiteTable3.csv,https://www.nflis.deadiversion.usdoj.gov/publicationsRedesign.xhtml,,,,,,,,,2026-03-03T16:42:27Z
Nebraska,NE,2021,177,295,118,5,Fentanyl,177,ANPP,107,para-Fluorofentanyl,8,ANPP,107,para-Fluorofentanyl,8,Acetyl fentanyl,2,2021NFLISWebsiteTable3.csv,https://www.nflis.deadiversion.usdoj.gov/publicationsRedesign.xhtml,,,,,,,,,2026-03-03T16:42:27Z
New Hampshire,NH,2021,1984,2414,430,8,Fentanyl,1984,Fluorofentanyl,176,para-Fluorofentanyl,169,Fluorofentanyl,176,para-Fluorofentanyl,169,Acetyl fentanyl,78,2021NFLISWebsiteTable3.csv,https://www.nflis.deadiversion.usdoj.gov/publicationsRedesign.xhtml,,,,,,,,,2026-03-03T16:42:27Z
New Jersey,NJ,2021,8746,16771,8025,24,Fentanyl,8746,ANPP,4863,Fluorofentanyl,1787,ANPP,4863,Fluorofentanyl,1787,Phenethyl 4-ANPP,748,2021NFLISWebsiteTable3.csv,https://www.nflis.deadiversion.usdoj.gov/publicationsRedesign.xhtml,,,,,,,,,2026-03-03T16:42:27Z
New Mexico,NM,2021,1390,1474,84,6,Fentanyl,1390,para-Fluorofentanyl,51,ANPP,13,para-Fluorofentanyl,51,ANPP,13,Fluorofentanyl,11,2021NFLISWebsiteTable3.csv,https://www.nflis.deadiversion.usdoj.gov/publicationsRedesign.xhtml,,,,,,,,,2026-03-03T16:42:27Z
Nevada,NV,2021,280,325,45,8,Fentanyl,280,para-Fluorofentanyl,21,ANPP,13,para-Fluorofentanyl,21,ANPP,13,Fluorofentanyl,5,2021NFLISWebsiteTable3.csv,https://www.nflis.deadiversion.usdoj.gov/publicationsRedesign.xhtml,,,,,,,,,2026-03-03T16:42:27Z
New York,NY,2021,8955,10967,2012,16,Fentanyl,8955,ANPP,992,Acetyl fentanyl,337,ANPP,992,Acetyl fentanyl,337,Fentanyl-related compound (unspecified),323,2021NFLISWebsiteTable3.csv,https://www.nflis.deadiversion.usdoj.gov/publicationsRedesign.xhtml,,,,,,,,,2026-03-03T16:42:27Z
Ohio,OH,2021,20584,29947,9363,28,Fentanyl,20584,ANPP,2948,Fluorofentanyl,2551,ANPP,2948,Fluorofentanyl,2551,para-Fluorofentanyl,2246,2021NFLISWebsiteTable3.csv,https://www.nflis.deadiversion.usdoj.gov/publicationsRedesign.xhtml,,,,,,,,,2026-03-03T16:42:27Z
Oklahoma,OK,2021,606,683,77,5,Fentanyl,606,ANPP,45,para-Fluorofentanyl,29,ANPP,45,para-Fluorofentanyl,29,para-Fluoro 4-ANPP,2,2021NFLISWebsiteTable3.csv,https://www.nflis.deadiversion.usdoj.gov/publicationsRedesign.xhtml,,,,,,,,,2026-03-03T16:42:27Z
Oregon,OR,2021,594,690,96,8,Fentanyl,594,Fluorofentanyl,52,para-Fluorofentanyl,25,Fluorofentanyl,52,para-Fluorofentanyl,25,Acetyl fentanyl,12,2021NFLISWebsiteTable3.csv,https://www.nflis.deadiversion.usdoj.gov/publicationsRedesign.xhtml,,,,,,,,,2026-03-03T16:42:27Z
Pennsylvania,PA,2021,16150,20021,3871,19,Fentanyl,16150,Fluorofentanyl,1975,para-Fluorofentanyl,1352,Fluorofentanyl,1975,para-Fluorofentanyl,1352,Acetyl fentanyl,361,2021NFLISWebsiteTable3.csv,https://www.nflis.deadiversion.usdoj.gov/publicationsRedesign.xhtml,,,,,,,,,2026-03-03T16:42:27Z
Rhode Island,RI,2021,802,1177,375,8,Fentanyl,802,Fentanyl-related compound (unspecified),173,para-Fluorofentanyl,124,Fentanyl-related compound (unspecified),173,para-Fluorofentanyl,124,Acetyl fentanyl,64,2021NFLISWebsiteTable3.csv,https://www.nflis.deadiversion.usdoj.gov/publicationsRedesign.xhtml,,,,,,,,,2026-03-03T16:42:27Z
South Carolina,SC,2021,1806,2033,227,13,Fentanyl,1806,Fluorofentanyl,164,Acetyl fentanyl,42,Fluorofentanyl,164,Acetyl fentanyl,42,Fluoroisobutyryl fentanyl,5,2021NFLISWebsiteTable3.csv,https://www.nflis.deadiversion.usdoj.gov/publicationsRedesign.xhtml,,,,,,,,,2026-03-03T16:42:27Z
South Dakota,SD,2021,18,26,8,3,Fentanyl,18,ANPP,7,Fluorofentanyl,1,ANPP,7,Fluorofentanyl,1,,,2021NFLISWebsiteTable3.csv,https://www.nflis.deadiversion.usdoj.gov/publicationsRedesign.xhtml,,,,,,,,,2026-03-03T16:42:27Z
Tennessee,TN,2021,4605,7823,3218,14,Fentanyl,4605,ANPP,1995,para-Fluorofentanyl,477,ANPP,1995,para-Fluorofentanyl,477,Acetyl fentanyl,347,2021NFLISWebsiteTable3.csv,https://www.nflis.deadiversion.usdoj.gov/publicationsRedesign.xhtml,,,,,,,,,2026-03-03T16:42:27Z
Texas,TX,2021,2019,2476,457,10,Fentanyl,2019,ANPP,293,para-Fluorofentanyl,93,ANPP,293,para-Fluorofentanyl,93,Carfentanil,28,2021NFLISWebsiteTable3.csv,https://www.nflis.deadiversion.usdoj.gov/publicationsRedesign.xhtml,,,,,,,,,2026-03-03T16:42:27Z
Utah,UT,2021,155,165,10,3,Fentanyl,155,para-Fluorofentanyl,9,ANPP,1,para-Fluorofentanyl,9,ANPP,1,,,2021NFLISWebsiteTable3.csv,https://www.nflis.deadiversion.usdoj.gov/publicationsRedesign.xhtml,,,,,,,,,2026-03-03T16:42:27Z
Virginia,VA,2021,6872,7512,640,11,Fentanyl,6872,para-Fluorofentanyl,543,Acetyl fentanyl,76,para-Fluorofentanyl,543,Acetyl fentanyl,76,ANPP,9,2021NFLISWebsiteTable3.csv,https://www.nflis.deadiversion.usdoj.gov/publicationsRedesign.xhtml,,,,,,,,,2026-03-03T16:42:27Z
Vermont,VT,2021,1137,1718,581,5,Fentanyl,1137,ANPP,451,Fluorofentanyl,119,ANPP,451,Fluorofentanyl,119,Acetyl fentanyl,6,2021NFLISWebsiteTable3.csv,https://www.nflis.deadiversion.usdoj.gov/publicationsRedesign.xhtml,,,,,,,,,2026-03-03T16:42:27Z
Washington,WA,2021,1185,1410,225,10,Fentanyl,1185,ANPP,122,para-Fluorofentanyl,64,ANPP,122,para-Fluorofentanyl,64,Fluorofentanyl,27,2021NFLISWebsiteTable3.csv,https://www.nflis.deadiversion.usdoj.gov/publicationsRedesign.xhtml,,,,,,,,,2026-03-03T16:42:27Z
Wisconsin,WI,2021,972,1156,184,5,Fentanyl,972,ANPP,77,Acetyl fentanyl,40,ANPP,77,Acetyl fentanyl,40,Fluorofentanyl,35,2021NFLISWebsiteTable3.csv,https://www.nflis.deadiversion.usdoj.gov/publicationsRedesign.xhtml,,,,,,,,,2026-03-03T16:42:27Z
West Virginia,WV,2021,2808,3391,583,12,Fentanyl,2808,Fluorobutyryl fentanyl,231,ANPP,184,Fluorobutyryl fentanyl,231,ANPP,184,Acetyl fentanyl,72,2021NFLISWebsiteTable3.csv,https://www.nflis.deadiversion.usdoj.gov/publicationsRedesign.xhtml,,,,,,,,,2026-03-03T16:42:27Z
Wyoming,WY,2021,122,175,53,3,Fentanyl,122,ANPP,51,Fluorofentanyl,2,ANPP,51,Fluorofentanyl,2,,,2021NFLISWebsiteTable3.csv,https://www.nflis.deadiversion.usdoj.gov/publicationsRedesign.xhtml,,,,,,,,,2026-03-03T16:42:27Z
Alaska,AK,2022,296,342,46,7,Fentanyl,296,Fluorofentanyl,19,para-Fluorofentanyl,19,Fluorofentanyl,19,para-Fluorofentanyl,19,4-ANPP,3,2022NFLISWebsiteTable3.xlsx,https://www.nflis.deadiversion.usdoj.gov/publicationsRedesign.xhtml,,,,,,https://www.dea.gov/documents/2024/2024-09/2024-09-11/cy-2022-fentanyl-profiling-program-report,2024-09-11,pending_manual_extract,2026-03-03T16:42:27Z
Alabama,AL,2022,325,447,122,6,Fentanyl,325,Fluorofentanyl,51,para-Fluorofentanyl,51,Fluorofentanyl,51,para-Fluorofentanyl,51,4-ANPP,14,2022NFLISWebsiteTable3.xlsx,https://www.nflis.deadiversion.usdoj.gov/publicationsRedesign.xhtml,,,,,,https://www.dea.gov/documents/2024/2024-09/2024-09-11/cy-2022-fentanyl-profiling-program-report,2024-09-11,pending_manual_extract,2026-03-03T16:42:27Z
Arkansas,AR,2022,1134,1394,260,12,Fentanyl,1134,Fluorofentanyl,121,para-Fluorofentanyl,117,Fluorofentanyl,121,para-Fluorofentanyl,117,4-ANPP,5,2022NFLISWebsiteTable3.xlsx,https://www.nflis.deadiversion.usdoj.gov/publicationsRedesign.xhtml,,,,,,https://www.dea.gov/documents/2024/2024-09/2024-09-11/cy-2022-fentanyl-profiling-program-report,2024-09-11,pending_manual_extract,2026-03-03T16:42:27Z
Arizona,AZ,2022,16975,17768,793,17,Fentanyl,16975,Fluorofentanyl,298,para-Fluorofentanyl,194,Fluorofentanyl,298,para-Fluorofentanyl,194,Fluorofentanyl (unspecified isomer),104,2022NFLISWebsiteTable3.xlsx,https://www.nflis.deadiversion.usdoj.gov/publicationsRedesign.xhtml,,,,,,https://www.dea.gov/documents/2024/2024-09/2024-09-11/cy-2022-fentanyl-profiling-program-report,2024-09-11,pending_manual_extract,2026-03-03T16:42:27Z
California,CA,2022,10872,13495,2623,33,Fentanyl,10872,4-ANPP,898,Fluorofentanyl,699,4-ANPP,898,Fluorofentanyl,699,para-Fluorofentanyl,469,2022NFLISWebsiteTable3.xlsx,https://www.nflis.deadiversion.usdoj.gov/publicationsRedesign.xhtml,,,,,,https://www.dea.gov/documents/2024/2024-09/2024-09-11/cy-2022-fentanyl-profiling-program-report,2024-09-11,pending_manual_extract,2026-03-03T16:42:27Z
Colorado,CO,2022,2839,3150,311,12,Fentanyl,2839,Fluorofentanyl,143,Fluorofentanyl (unspecified isomer),71,Fluorofentanyl,143,Fluorofentanyl (unspecified isomer),71,para-Fluorofentanyl,71,2022NFLISWebsiteTable3.xlsx,https://www.nflis.deadiversion.usdoj.gov/publicationsRedesign.xhtml,,,,,,https://www.dea.gov/documents/2024/2024-09/2024-09-11/cy-2022-fentanyl-profiling-program-report,2024-09-11,pending_manual_extract,2026-03-03T16:42:27Z
Connecticut,CT,2022,930,1417,487,15,Fentanyl,930,Fluorofentanyl,199,para-Fluorofentanyl,199,Fluorofentanyl,199,para-Fluorofentanyl,199,Fluoro valeryl fentanyl,14,2022NFLISWebsiteTable3.xlsx,https://www.nflis.deadiversion.usdoj.gov/publicationsRedesign.xhtml,,,,,,https://www.dea.gov/documents/2024/2024-09/2024-09-11/cy-2022-fentanyl-profiling-program-report,2024-09-11,pending_manual_extract,2026-03-03T16:42:27Z
District of Columbia,DC,2022,141,214,73,4,Fentanyl,141,Fluorofentanyl,36,para-Fluorofentanyl,36,Fluorofentanyl,36,para-Fluorofentanyl,36,Acetyl fentanyl,1,2022NFLISWebsiteTable3.xlsx,https://www.nflis.deadiversion.usdoj.gov/publicationsRedesign.xhtml,,,,,,https://www.dea.gov/documents/2024/2024-09/2024-09-11/cy-2022-fentanyl-profiling-program-report,2024-09-11,pending_manual_extract,2026-03-03T16:42:27Z
Delaware,DE,2022,63,96,33,4,Fentanyl,63,Fluorofentanyl,16,para-Fluorofentanyl,16,Fluorofentanyl,16,para-Fluorofentanyl,16,4-ANPP,1,2022NFLISWebsiteTable3.xlsx,https://www.nflis.deadiversion.usdoj.gov/publicationsRedesign.xhtml,,,,,,https://www.dea.gov/documents/2024/2024-09/2024-09-11/cy-2022-fentanyl-profiling-program-report,2024-09-11,pending_manual_extract,2026-03-03T16:42:27Z
Florida,FL,2022,7442,10028,2586,19,Fentanyl,7442,Fluorofentanyl,1139,para-Fluorofentanyl,732,Fluorofentanyl,1139,para-Fluorofentanyl,732,Fluorofentanyl (unspecified isomer),407,2022NFLISWebsiteTable3.xlsx,https://www.nflis.deadiversion.usdoj.gov/publicationsRedesign.xhtml,,,,,,https://www.dea.gov/documents/2024/2024-09/2024-09-11/cy-2022-fentanyl-profiling-program-report,2024-09-11,pending_manual_extract,2026-03-03T16:42:27Z
Georgia,GA,2022,1343,1543,200,6,Fentanyl,1343,Fluorofentanyl,90,para-Fluorofentanyl,89,Fluorofentanyl,90,para-Fluorofentanyl,89,4-ANPP,19,2022NFLISWebsiteTable3.xlsx,https://www.nflis.deadiversion.usdoj.gov/publicationsRedesign.xhtml,,,,,,https://www.dea.gov/documents/2024/2024-09/2024-09-11/cy-2022-fentanyl-profiling-program-report,2024-09-11,pending_manual_extract,2026-03-03T16:42:27Z
Hawaii,HI,2022,92,112,20,5,Fentanyl,92,4-ANPP,11,Fluorofentanyl,4,4-ANPP,11,Fluorofentanyl,4,para-Fluorofentanyl,4,2022NFLISWebsiteTable3.xlsx,https://www.nflis.deadiversion.usdoj.gov/publicationsRedesign.xhtml,,,,,,https://www.dea.gov/documents/2024/2024-09/2024-09-11/cy-2022-fentanyl-profiling-program-report,2024-09-11,pending_manual_extract,2026-03-03T16:42:27Z
Iowa,IA,2022,823,1025,202,7,Fentanyl,823,Fluorofentanyl,91,Fluorofentanyl (unspecified isomer),90,Fluorofentanyl,91,Fluorofentanyl (unspecified isomer),90,Acetyl fentanyl,18,2022NFLISWebsiteTable3.xlsx,https://www.nflis.deadiversion.usdoj.gov/publicationsRedesign.xhtml,,,,,,https://www.dea.gov/documents/2024/2024-09/2024-09-11/cy-2022-fentanyl-profiling-program-report,2024-09-11,pending_manual_extract,2026-03-03T16:42:27Z
Idaho,ID,2022,2182,2848,666,11,Fentanyl,2182,Fluorofentanyl,303,Fluorofentanyl (unspecified isomer),266,Fluorofentanyl,303,Fluorofentanyl (unspecified isomer),266,para-Fluorofentanyl,37,2022NFLISWebsiteTable3.xlsx,https://www.nflis.deadiversion.usdoj.gov/publicationsRedesign.xhtml,,,,,,https://www.dea.gov/documents/2024/2024-09/2024-09-11/cy-2022-fentanyl-profiling-program-report,2024-09-11,pending_manual_extract,2026-03-03T16:42:27Z
Illinois,IL,2022,5281,6054,773,9,Fentanyl,5281,Fluorofentanyl,360,para-Fluorofentanyl,315,Fluorofentanyl,360,para-Fluorofentanyl,315,Fluorofentanyl (unspecified isomer),43,2022NFLISWebsiteTable3.xlsx,https://www.nflis.deadiversion.usdoj.gov/publicationsRedesign.xhtml,,,,,,https://www.dea.gov/documents/2024/2024-09/2024-09-11/cy-2022-fentanyl-profiling-program-report,2024-09-11,pending_manual_extract,2026-03-03T16:42:27Z
Indiana,IN,2022,2795,3866,1071,12,Fentanyl,2795,Fluorofentanyl,348,para-Fluorofentanyl,337,Fluorofentanyl,348,para-Fluorofentanyl,337,4-ANPP,334,2022NFLISWebsiteTable3.xlsx,https://www.nflis.deadiversion.usdoj.gov/publicationsRedesign.xhtml,,,,,,https://www.dea.gov/documents/2024/2024-09/2024-09-11/cy-2022-fentanyl-profiling-program-report,2024-09-11,pending_manual_extract,2026-03-03T16:42:27Z
Kansas,KS,2022,2146,3889,1743,15,Fentanyl,2146,4-ANPP,882,Fluorofentanyl,344,4-ANPP,882,Fluorofentanyl,344,Fluorofentanyl (unspecified isomer),221,2022NFLISWebsiteTable3.xlsx,https://www.nflis.deadiversion.usdoj.gov/publicationsRedesign.xhtml,,,,,,https://www.dea.gov/documents/2024/2024-09/2024-09-11/cy-2022-fentanyl-profiling-program-report,2024-09-11,pending_manual_extract,2026-03-03T16:42:27Z
Kentucky,KY,2022,4426,6460,2034,19,Fentanyl,4426,Fluorofentanyl,930,Fluorofentanyl (unspecified isomer),815,Fluorofentanyl,930,Fluorofentanyl (unspecified isomer),815,para-Fluorofentanyl,115,2022NFLISWebsiteTable3.xlsx,https://www.nflis.deadiversion.usdoj.gov/publicationsRedesign.xhtml,,,,,,https://www.dea.gov/documents/2024/2024-09/2024-09-11/cy-2022-fentanyl-profiling-program-report,2024-09-11,pending_manual_extract,2026-03-03T16:42:27Z
Louisiana,LA,2022,2933,4291,1358,14,Fentanyl,2933,Fluorofentanyl,524,para-Fluorofentanyl,384,Fluorofentanyl,524,para-Fluorofentanyl,384,4-ANPP,268,2022NFLISWebsiteTable3.xlsx,https://www.nflis.deadiversion.usdoj.gov/publicationsRedesign.xhtml,,,,,,https://www.dea.gov/documents/2024/2024-09/2024-09-11/cy-2022-fentanyl-profiling-program-report,2024-09-11,pending_manual_extract,2026-03-03T16:42:27Z
Massachusetts,MA,2022,5486,8976,3490,16,Fentanyl,5486,Fluorofentanyl,1626,Fluorofentanyl (unspecified isomer),1514,Fluorofentanyl,1626,Fluorofentanyl (unspecified isomer),1514,Acetyl fentanyl,112,2022NFLISWebsiteTable3.xlsx,https://www.nflis.deadiversion.usdoj.gov/publicationsRedesign.xhtml,,,,,,https://www.dea.gov/documents/2024/2024-09/2024-09-11/cy-2022-fentanyl-profiling-program-report,2024-09-11,pending_manual_extract,2026-03-03T16:42:27Z
Maryland,MD,2022,3206,3889,683,12,Fentanyl,3206,Fluorofentanyl,182,para-Fluorofentanyl,154,Fluorofentanyl,182,para-Fluorofentanyl,154,Fluoro furanyl fentanyl,136,2022NFLISWebsiteTable3.xlsx,https://www.nflis.deadiversion.usdoj.gov/publicationsRedesign.xhtml,,,,,,https://www.dea.gov/documents/2024/2024-09/2024-09-11/cy-2022-fentanyl-profiling-program-report,2024-09-11,pending_manual_extract,2026-03-03T16:42:27Z
Maine,ME,2022,227,321,94,6,Fentanyl,227,4-ANPP,72,Fluorofentanyl,8,4-ANPP,72,Fluorofentanyl,8,para-Fluorofentanyl,7,2022NFLISWebsiteTable3.xlsx,https://www.nflis.deadiversion.usdoj.gov/publicationsRedesign.xhtml,,,,,,https://www.dea.gov/documents/2024/2024-09/2024-09-11/cy-2022-fentanyl-profiling-program-report,2024-09-11,pending_manual_extract,2026-03-03T16:42:27Z
Michigan,MI,2022,606,1064,458,7,Fentanyl,606,4-ANPP,302,Fluorofentanyl,69,4-ANPP,302,Fluorofentanyl,69,para-Fluorofentanyl,69,2022NFLISWebsiteTable3.xlsx,https://www.nflis.deadiversion.usdoj.gov/publicationsRedesign.xhtml,,,,,,https://www.dea.gov/documents/2024/2024-09/2024-09-11/cy-2022-fentanyl-profiling-program-report,2024-09-11,pending_manual_extract,2026-03-03T16:42:27Z
Minnesota,MN,2022,1782,2986,1204,8,Fentanyl,1782,4-ANPP,693,Fluorofentanyl,224,4-ANPP,693,Fluorofentanyl,224,Fluorofentanyl (unspecified isomer),216,2022NFLISWebsiteTable3.xlsx,https://www.nflis.deadiversion.usdoj.gov/publicationsRedesign.xhtml,,,,,,https://www.dea.gov/documents/2024/2024-09/2024-09-11/cy-2022-fentanyl-profiling-program-report,2024-09-11,pending_manual_extract,2026-03-03T16:42:27Z
Missouri,MO,2022,4913,6366,1453,12,Fentanyl,4913,Fluorofentanyl,703,para-Fluorofentanyl,697,Fluorofentanyl,703,para-Fluorofentanyl,697,4-ANPP,16,2022NFLISWebsiteTable3.xlsx,https://www.nflis.deadiversion.usdoj.gov/publicationsRedesign.xhtml,,,,,,https://www.dea.gov/documents/2024/2024-09/2024-09-11/cy-2022-fentanyl-profiling-program-report,2024-09-11,pending_manual_extract,2026-03-03T16:42:27Z
Mississippi,MS,2022,499,773,274,9,Fentanyl,499,4-ANPP,127,Fluorofentanyl,69,4-ANPP,127,Fluorofentanyl,69,para-Fluorofentanyl,69,2022NFLISWebsiteTable3.xlsx,https://www.nflis.deadiversion.usdoj.gov/publicationsRedesign.xhtml,,,,,,https://www.dea.gov/documents/2024/2024-09/2024-09-11/cy-2022-fentanyl-profiling-program-report,2024-09-11,pending_manual_extract,2026-03-03T16:42:27Z
Montana,MT,2022,978,1214,236,7,Fentanyl,978,Fluorofentanyl,90,para-Fluorofentanyl,90,Fluorofentanyl,90,para-Fluorofentanyl,90,4-ANPP,42,2022NFLISWebsiteTable3.xlsx,https://www.nflis.deadiversion.usdoj.gov/publicationsRedesign.xhtml,,,,,,https://www.dea.gov/documents/2024/2024-09/2024-09-11/cy-2022-fentanyl-profiling-program-report,2024-09-11,pending_manual_extract,2026-03-03T16:42:27Z
North Carolina,NC,2022,2670,6620,3950,22,Fentanyl,2670,4-ANPP,1499,Fluorobutyryl fentanyl,671,4-ANPP,1499,Fluorobutyryl fentanyl,671,Fluorobutyryl fentanyl (unspecified isomer),671,2022NFLISWebsiteTable3.xlsx,https://www.nflis.deadiversion.usdoj.gov/publicationsRedesign.xhtml,,,,,,https://www.dea.gov/documents/2024/2024-09/2024-09-11/cy-2022-fentanyl-profiling-program-report,2024-09-11,pending_manual_extract,2026-03-03T16:42:27Z
North Dakota,ND,2022,629,761,132,3,Fentanyl,629,Fluorofentanyl,66,para-Fluorofentanyl,66,Fluorofentanyl,66,para-Fluorofentanyl,66,,,2022NFLISWebsiteTable3.xlsx,https://www.nflis.deadiversion.usdoj.gov/publicationsRedesign.xhtml,,,,,,https://www.dea.gov/documents/2024/2024-09/2024-09-11/cy-2022-fentanyl-profiling-program-report,2024-09-11,pending_manual_extract,2026-03-03T16:42:27Z
Nebraska,NE,2022,341,587,246,10,Fentanyl,341,4-ANPP,106,Fluorofentanyl,62,4-ANPP,106,Fluorofentanyl,62,para-Fluorofentanyl,61,2022NFLISWebsiteTable3.xlsx,https://www.nflis.deadiversion.usdoj.gov/publicationsRedesign.xhtml,,,,,,https://www.dea.gov/documents/2024/2024-09/2024-09-11/cy-2022-fentanyl-profiling-program-report,2024-09-11,pending_manual_extract,2026-03-03T16:42:27Z
New Hampshire,NH,2022,1700,2474,774,8,Fentanyl,1700,Fluorofentanyl,366,para-Fluorofentanyl,344,Fluorofentanyl,366,para-Fluorofentanyl,344,Acetyl fentanyl,33,2022NFLISWebsiteTable3.xlsx,https://www.nflis.deadiversion.usdoj.gov/publicationsRedesign.xhtml,,,,,,https://www.dea.gov/documents/2024/2024-09/2024-09-11/cy-2022-fentanyl-profiling-program-report,2024-09-11,pending_manual_extract,2026-03-03T16:42:27Z
New Jersey,NJ,2022,9225,21757,12532,28,Fentanyl,9225,4-ANPP,5454,Fluorofentanyl,2556,4-ANPP,5454,Fluorofentanyl,2556,Fluorofentanyl (unspecified isomer),2350,2022NFLISWebsiteTable3.xlsx,https://www.nflis.deadiversion.usdoj.gov/publicationsRedesign.xhtml,,,,,,https://www.dea.gov/documents/2024/2024-09/2024-09-11/cy-2022-fentanyl-profiling-program-report,2024-09-11,pending_manual_extract,2026-03-03T16:42:27Z
New Mexico,NM,2022,3200,3501,301,13,Fentanyl,3200,Fluorofentanyl,123,Fluorofentanyl (unspecified isomer),64,Fluorofentanyl,123,Fluorofentanyl (unspecified isomer),64,para-Fluorofentanyl,59,2022NFLISWebsiteTable3.xlsx,https://www.nflis.deadiversion.usdoj.gov/publicationsRedesign.xhtml,,,,,,https://www.dea.gov/documents/2024/2024-09/2024-09-11/cy-2022-fentanyl-profiling-program-report,2024-09-11,pending_manual_extract,2026-03-03T16:42:27Z
Nevada,NV,2022,357,568,211,6,Fentanyl,357,Fluorofentanyl,71,4-ANPP,62,Fluorofentanyl,71,4-ANPP,62,para-Fluorofentanyl,48,2022NFLISWebsiteTable3.xlsx,https://www.nflis.deadiversion.usdoj.gov/publicationsRedesign.xhtml,,,,,,https://www.dea.gov/documents/2024/2024-09/2024-09-11/cy-2022-fentanyl-profiling-program-report,2024-09-11,pending_manual_extract,2026-03-03T16:42:27Z
New York,NY,2022,9188,11256,2068,28,Fentanyl,9188,4-ANPP,566,Fluorofentanyl,513,4-ANPP,566,Fluorofentanyl,513,para-Fluorofentanyl,285,2022NFLISWebsiteTable3.xlsx,https://www.nflis.deadiversion.usdoj.gov/publicationsRedesign.xhtml,,,,,,https://www.dea.gov/documents/2024/2024-09/2024-09-11/cy-2022-fentanyl-profiling-program-report,2024-09-11,pending_manual_extract,2026-03-03T16:42:27Z
Ohio,OH,2022,17910,32435,14525,32,Fentanyl,17910,Fluorofentanyl,5259,4-ANPP,2764,Fluorofentanyl,5259,4-ANPP,2764,para-Fluorofentanyl,2679,2022NFLISWebsiteTable3.xlsx,https://www.nflis.deadiversion.usdoj.gov/publicationsRedesign.xhtml,,,,,,https://www.dea.gov/documents/2024/2024-09/2024-09-11/cy-2022-fentanyl-profiling-program-report,2024-09-11,pending_manual_extract,2026-03-03T16:42:27Z
Oklahoma,OK,2022,1975,2209,234,13,Fentanyl,1975,Fluorofentanyl,76,para-Fluorofentanyl,74,Fluorofentanyl,76,para-Fluorofentanyl,74,4-ANPP,54,2022NFLISWebsiteTable3.xlsx,https://www.nflis.deadiversion.usdoj.gov/publicationsRedesign.xhtml,,,,,,https://www.dea.gov/documents/2024/2024-09/2024-09-11/cy-2022-fentanyl-profiling-program-report,2024-09-11,pending_manual_extract,2026-03-03T16:42:27Z
Oregon,OR,2022,1286,1557,271,11,Fentanyl,1286,Fluorofentanyl,121,para-Fluorofentanyl,75,Fluorofentanyl,121,para-Fluorofentanyl,75,Fluorofentanyl (unspecified isomer),46,2022NFLISWebsiteTable3.xlsx,https://www.nflis.deadiversion.usdoj.gov/publicationsRedesign.xhtml,,,,,,https://www.dea.gov/documents/2024/2024-09/2024-09-11/cy-2022-fentanyl-profiling-program-report,2024-09-11,pending_manual_extract,2026-03-03T16:42:27Z
Pennsylvania,PA,2022,13355,19818,6463,20,Fentanyl,13355,Fluorofentanyl,3051,Fluorofentanyl (unspecified isomer),2308,Fluorofentanyl,3051,Fluorofentanyl (unspecified isomer),2308,para-Fluorofentanyl,743,2022NFLISWebsiteTable3.xlsx,https://www.nflis.deadiversion.usdoj.gov/publicationsRedesign.xhtml,,,,,,https://www.dea.gov/documents/2024/2024-09/2024-09-11/cy-2022-fentanyl-profiling-program-report,2024-09-11,pending_manual_extract,2026-03-03T16:42:27Z
Rhode Island,RI,2022,726,1468,742,10,Fentanyl,726,Fluorofentanyl,259,para-Fluorofentanyl,259,Fluorofentanyl,259,para-Fluorofentanyl,259,Fentanyl-related compound (unspecified)1,166,2022NFLISWebsiteTable3.xlsx,https://www.nflis.deadiversion.usdoj.gov/publicationsRedesign.xhtml,,,,,,https://www.dea.gov/documents/2024/2024-09/2024-09-11/cy-2022-fentanyl-profiling-program-report,2024-09-11,pending_manual_extract,2026-03-03T16:42:27Z
South Carolina,SC,2022,1568,2278,710,13,Fentanyl,1568,Fluorofentanyl,242,Fluorofentanyl (unspecified isomer),232,Fluorofentanyl,242,Fluorofentanyl (unspecified isomer),232,Acetyl fentanyl,57,2022NFLISWebsiteTable3.xlsx,https://www.nflis.deadiversion.usdoj.gov/publicationsRedesign.xhtml,,,,,,https://www.dea.gov/documents/2024/2024-09/2024-09-11/cy-2022-fentanyl-profiling-program-report,2024-09-11,pending_manual_extract,2026-03-03T16:42:27Z
South Dakota,SD,2022,99,155,56,4,Fentanyl,99,4-ANPP,54,Fluorofentanyl,1,4-ANPP,54,Fluorofentanyl,1,para-Fluorofentanyl,1,2022NFLISWebsiteTable3.xlsx,https://www.nflis.deadiversion.usdoj.gov/publicationsRedesign.xhtml,,,,,,https://www.dea.gov/documents/2024/2024-09/2024-09-11/cy-2022-fentanyl-profiling-program-report,2024-09-11,pending_manual_extract,2026-03-03T16:42:27Z
Tennessee,TN,2022,4388,8947,4559,15,Fentanyl,4388,4-ANPP,2215,Fluorofentanyl,1030,4-ANPP,2215,Fluorofentanyl,1030,para-Fluorofentanyl,670,2022NFLISWebsiteTable3.xlsx,https://www.nflis.deadiversion.usdoj.gov/publicationsRedesign.xhtml,,,,,,https://www.dea.gov/documents/2024/2024-09/2024-09-11/cy-2022-fentanyl-profiling-program-report,2024-09-11,pending_manual_extract,2026-03-03T16:42:27Z
Texas,TX,2022,3332,4089,757,16,Fentanyl,3332,Fluorofentanyl,246,4-ANPP,195,Fluorofentanyl,246,4-ANPP,195,para-Fluorofentanyl,183,2022NFLISWebsiteTable3.xlsx,https://www.nflis.deadiversion.usdoj.gov/publicationsRedesign.xhtml,,,,,,https://www.dea.gov/documents/2024/2024-09/2024-09-11/cy-2022-fentanyl-profiling-program-report,2024-09-11,pending_manual_extract,2026-03-03T16:42:27Z
Utah,UT,2022,354,431,77,7,Fentanyl,354,Fluorofentanyl,32,para-Fluorofentanyl,32,Fluorofentanyl,32,para-Fluorofentanyl,32,Acetyl fentanyl,7,2022NFLISWebsiteTable3.xlsx,https://www.nflis.deadiversion.usdoj.gov/publicationsRedesign.xhtml,,,,,,https://www.dea.gov/documents/2024/2024-09/2024-09-11/cy-2022-fentanyl-profiling-program-report,2024-09-11,pending_manual_extract,2026-03-03T16:42:27Z
Virginia,VA,2022,7545,9477,1932,11,Fentanyl,7545,Fluorofentanyl,927,para-Fluorofentanyl,927,Fluorofentanyl,927,para-Fluorofentanyl,927,Acetyl fentanyl,48,2022NFLISWebsiteTable3.xlsx,https://www.nflis.deadiversion.usdoj.gov/publicationsRedesign.xhtml,,,,,,https://www.dea.gov/documents/2024/2024-09/2024-09-11/cy-2022-fentanyl-profiling-program-report,2024-09-11,pending_manual_extract,2026-03-03T16:42:27Z
Vermont,VT,2022,662,1057,395,6,Fentanyl,662,4-ANPP,201,Fluorofentanyl,94,4-ANPP,201,Fluorofentanyl,94,Fluorofentanyl (unspecified isomer),78,2022NFLISWebsiteTable3.xlsx,https://www.nflis.deadiversion.usdoj.gov/publicationsRedesign.xhtml,,,,,,https://www.dea.gov/documents/2024/2024-09/2024-09-11/cy-2022-fentanyl-profiling-program-report,2024-09-11,pending_manual_extract,2026-03-03T16:42:27Z
Washington,WA,2022,2492,3197,705,12,Fentanyl,2492,4-ANPP,284,Fluorofentanyl,186,4-ANPP,284,Fluorofentanyl,186,para-Fluorofentanyl,128,2022NFLISWebsiteTable3.xlsx,https://www.nflis.deadiversion.usdoj.gov/publicationsRedesign.xhtml,,,,,,https://www.dea.gov/documents/2024/2024-09/2024-09-11/cy-2022-fentanyl-profiling-program-report,2024-09-11,pending_manual_extract,2026-03-03T16:42:27Z
Wisconsin,WI,2022,993,1416,423,9,Fentanyl,993,Fluorofentanyl,153,para-Fluorofentanyl,143,Fluorofentanyl,153,para-Fluorofentanyl,143,4-ANPP,89,2022NFLISWebsiteTable3.xlsx,https://www.nflis.deadiversion.usdoj.gov/publicationsRedesign.xhtml,,,,,,https://www.dea.gov/documents/2024/2024-09/2024-09-11/cy-2022-fentanyl-profiling-program-report,2024-09-11,pending_manual_extract,2026-03-03T16:42:27Z
West Virginia,WV,2022,2514,3647,1133,18,Fentanyl,2514,Fluorobutyryl fentanyl,295,Fluorobutyryl fentanyl (unspecified isomer),295,Fluorobutyryl fentanyl,295,Fluorobutyryl fentanyl (unspecified isomer),295,4-ANPP,190,2022NFLISWebsiteTable3.xlsx,https://www.nflis.deadiversion.usdoj.gov/publicationsRedesign.xhtml,,,,,,https://www.dea.gov/documents/2024/2024-09/2024-09-11/cy-2022-fentanyl-profiling-program-report,2024-09-11,pending_manual_extract,2026-03-03T16:42:27Z
Wyoming,WY,2022,328,470,142,8,Fentanyl,328,4-ANPP,102,Fluorofentanyl,17,4-ANPP,102,Fluorofentanyl,17,para-Fluorofentanyl,10,2022NFLISWebsiteTable3.xlsx,https://www.nflis.deadiversion.usdoj.gov/publicationsRedesign.xhtml,,,,,,https://www.dea.gov/documents/2024/2024-09/2024-09-11/cy-2022-fentanyl-profiling-program-report,2024-09-11,pending_manual_extract,2026-03-03T16:42:27Z
Alaska,AK,2023,,,,,,,,,,,,,,,,,,,,,,,,https://www.dea.gov/documents/2025/2025-09/2025-09-22/cy-2023-annual-fentanyl-report,2025-09-22,pending_manual_extract,2026-03-03T16:42:27Z
Alabama,AL,2023,,,,,,,,,,,,,,,,,,,,,,,,https://www.dea.gov/documents/2025/2025-09/2025-09-22/cy-2023-annual-fentanyl-report,2025-09-22,pending_manual_extract,2026-03-03T16:42:27Z
Arkansas,AR,2023,,,,,,,,,,,,,,,,,,,,,,,,https://www.dea.gov/documents/2025/2025-09/2025-09-22/cy-2023-annual-fentanyl-report,2025-09-22,pending_manual_extract,2026-03-03T16:42:27Z
Arizona,AZ,2023,,,,,,,,,,,,,,,,,,,,,,,,https://www.dea.gov/documents/2025/2025-09/2025-09-22/cy-2023-annual-fentanyl-report,2025-09-22,pending_manual_extract,2026-03-03T16:42:27Z
California,CA,2023,,,,,,,,,,,,,,,,,,,,,,,,https://www.dea.gov/documents/2025/2025-09/2025-09-22/cy-2023-annual-fentanyl-report,2025-09-22,pending_manual_extract,2026-03-03T16:42:27Z
Colorado,CO,2023,,,,,,,,,,,,,,,,,,,,,,,,https://www.dea.gov/documents/2025/2025-09/2025-09-22/cy-2023-annual-fentanyl-report,2025-09-22,pending_manual_extract,2026-03-03T16:42:27Z
Connecticut,CT,2023,,,,,,,,,,,,,,,,,,,,,,,,https://www.dea.gov/documents/2025/2025-09/2025-09-22/cy-2023-annual-fentanyl-report,2025-09-22,pending_manual_extract,2026-03-03T16:42:27Z
District of Columbia,DC,2023,,,,,,,,,,,,,,,,,,,,,,,,https://www.dea.gov/documents/2025/2025-09/2025-09-22/cy-2023-annual-fentanyl-report,2025-09-22,pending_manual_extract,2026-03-03T16:42:27Z
Delaware,DE,2023,,,,,,,,,,,,,,,,,,,,,,,,https://www.dea.gov/documents/2025/2025-09/2025-09-22/cy-2023-annual-fentanyl-report,2025-09-22,pending_manual_extract,2026-03-03T16:42:27Z
Florida,FL,2023,,,,,,,,,,,,,,,,,,,,,,,,https://www.dea.gov/documents/2025/2025-09/2025-09-22/cy-2023-annual-fentanyl-report,2025-09-22,pending_manual_extract,2026-03-03T16:42:27Z
Georgia,GA,2023,,,,,,,,,,,,,,,,,,,,,,,,https://www.dea.gov/documents/2025/2025-09/2025-09-22/cy-2023-annual-fentanyl-report,2025-09-22,pending_manual_extract,2026-03-03T16:42:27Z
Hawaii,HI,2023,,,,,,,,,,,,,,,,,,,,,,,,https://www.dea.gov/documents/2025/2025-09/2025-09-22/cy-2023-annual-fentanyl-report,2025-09-22,pending_manual_extract,2026-03-03T16:42:27Z
Iowa,IA,2023,,,,,,,,,,,,,,,,,,,,,,,,https://www.dea.gov/documents/2025/2025-09/2025-09-22/cy-2023-annual-fentanyl-report,2025-09-22,pending_manual_extract,2026-03-03T16:42:27Z
Idaho,ID,2023,,,,,,,,,,,,,,,,,,,,,,,,https://www.dea.gov/documents/2025/2025-09/2025-09-22/cy-2023-annual-fentanyl-report,2025-09-22,pending_manual_extract,2026-03-03T16:42:27Z
Illinois,IL,2023,,,,,,,,,,,,,,,,,,,,,,,,https://www.dea.gov/documents/2025/2025-09/2025-09-22/cy-2023-annual-fentanyl-report,2025-09-22,pending_manual_extract,2026-03-03T16:42:27Z
Indiana,IN,2023,,,,,,,,,,,,,,,,,,,,,,,,https://www.dea.gov/documents/2025/2025-09/2025-09-22/cy-2023-annual-fentanyl-report,2025-09-22,pending_manual_extract,2026-03-03T16:42:27Z
Kansas,KS,2023,,,,,,,,,,,,,,,,,,,,,,,,https://www.dea.gov/documents/2025/2025-09/2025-09-22/cy-2023-annual-fentanyl-report,2025-09-22,pending_manual_extract,2026-03-03T16:42:27Z
Kentucky,KY,2023,,,,,,,,,,,,,,,,,,,,,,,,https://www.dea.gov/documents/2025/2025-09/2025-09-22/cy-2023-annual-fentanyl-report,2025-09-22,pending_manual_extract,2026-03-03T16:42:27Z
Louisiana,LA,2023,,,,,,,,,,,,,,,,,,,,,,,,https://www.dea.gov/documents/2025/2025-09/2025-09-22/cy-2023-annual-fentanyl-report,2025-09-22,pending_manual_extract,2026-03-03T16:42:27Z
Massachusetts,MA,2023,,,,,,,,,,,,,,,,,,,,,,,,https://www.dea.gov/documents/2025/2025-09/2025-09-22/cy-2023-annual-fentanyl-report,2025-09-22,pending_manual_extract,2026-03-03T16:42:27Z
Maryland,MD,2023,,,,,,,,,,,,,,,,,,,,,,,,https://www.dea.gov/documents/2025/2025-09/2025-09-22/cy-2023-annual-fentanyl-report,2025-09-22,pending_manual_extract,2026-03-03T16:42:27Z
Maine,ME,2023,,,,,,,,,,,,,,,,,,,,,,,,https://www.dea.gov/documents/2025/2025-09/2025-09-22/cy-2023-annual-fentanyl-report,2025-09-22,pending_manual_extract,2026-03-03T16:42:27Z
Michigan,MI,2023,,,,,,,,,,,,,,,,,,,,,,,,https://www.dea.gov/documents/2025/2025-09/2025-09-22/cy-2023-annual-fentanyl-report,2025-09-22,pending_manual_extract,2026-03-03T16:42:27Z
Minnesota,MN,2023,,,,,,,,,,,,,,,,,,,,,,,,https://www.dea.gov/documents/2025/2025-09/2025-09-22/cy-2023-annual-fentanyl-report,2025-09-22,pending_manual_extract,2026-03-03T16:42:27Z
Missouri,MO,2023,,,,,,,,,,,,,,,,,,,,,,,,https://www.dea.gov/documents/2025/2025-09/2025-09-22/cy-2023-annual-fentanyl-report,2025-09-22,pending_manual_extract,2026-03-03T16:42:27Z
Mississippi,MS,2023,,,,,,,,,,,,,,,,,,,,,,,,https://www.dea.gov/documents/2025/2025-09/2025-09-22/cy-2023-annual-fentanyl-report,2025-09-22,pending_manual_extract,2026-03-03T16:42:27Z
Montana,MT,2023,,,,,,,,,,,,,,,,,,,,,,,,https://www.dea.gov/documents/2025/2025-09/2025-09-22/cy-2023-annual-fentanyl-report,2025-09-22,pending_manual_extract,2026-03-03T16:42:27Z
North Carolina,NC,2023,,,,,,,,,,,,,,,,,,,,,,,,https://www.dea.gov/documents/2025/2025-09/2025-09-22/cy-2023-annual-fentanyl-report,2025-09-22,pending_manual_extract,2026-03-03T16:42:27Z
North Dakota,ND,2023,,,,,,,,,,,,,,,,,,,,,,,,https://www.dea.gov/documents/2025/2025-09/2025-09-22/cy-2023-annual-fentanyl-report,2025-09-22,pending_manual_extract,2026-03-03T16:42:27Z
Nebraska,NE,2023,,,,,,,,,,,,,,,,,,,,,,,,https://www.dea.gov/documents/2025/2025-09/2025-09-22/cy-2023-annual-fentanyl-report,2025-09-22,pending_manual_extract,2026-03-03T16:42:27Z
New Hampshire,NH,2023,,,,,,,,,,,,,,,,,,,,,,,,https://www.dea.gov/documents/2025/2025-09/2025-09-22/cy-2023-annual-fentanyl-report,2025-09-22,pending_manual_extract,2026-03-03T16:42:27Z
New Jersey,NJ,2023,,,,,,,,,,,,,,,,,,,,,,,,https://www.dea.gov/documents/2025/2025-09/2025-09-22/cy-2023-annual-fentanyl-report,2025-09-22,pending_manual_extract,2026-03-03T16:42:27Z
New Mexico,NM,2023,,,,,,,,,,,,,,,,,,,,,,,,https://www.dea.gov/documents/2025/2025-09/2025-09-22/cy-2023-annual-fentanyl-report,2025-09-22,pending_manual_extract,2026-03-03T16:42:27Z
Nevada,NV,2023,,,,,,,,,,,,,,,,,,,,,,,,https://www.dea.gov/documents/2025/2025-09/2025-09-22/cy-2023-annual-fentanyl-report,2025-09-22,pending_manual_extract,2026-03-03T16:42:27Z
New York,NY,2023,,,,,,,,,,,,,,,,,,,,,,,,https://www.dea.gov/documents/2025/2025-09/2025-09-22/cy-2023-annual-fentanyl-report,2025-09-22,pending_manual_extract,2026-03-03T16:42:27Z
Ohio,OH,2023,,,,,,,,,,,,,,,,,,,,,,,,https://www.dea.gov/documents/2025/2025-09/2025-09-22/cy-2023-annual-fentanyl-report,2025-09-22,pending_manual_extract,2026-03-03T16:42:27Z
Oklahoma,OK,2023,,,,,,,,,,,,,,,,,,,,,,,,https://www.dea.gov/documents/2025/2025-09/2025-09-22/cy-2023-annual-fentanyl-report,2025-09-22,pending_manual_extract,2026-03-03T16:42:27Z
Oregon,OR,2023,,,,,,,,,,,,,,,,,,,,,,,,https://www.dea.gov/documents/2025/2025-09/2025-09-22/cy-2023-annual-fentanyl-report,2025-09-22,pending_manual_extract,2026-03-03T16:42:27Z
Pennsylvania,PA,2023,,,,,,,,,,,,,,,,,,,,,,,,https://www.dea.gov/documents/2025/2025-09/2025-09-22/cy-2023-annual-fentanyl-report,2025-09-22,pending_manual_extract,2026-03-03T16:42:27Z
Rhode Island,RI,2023,,,,,,,,,,,,,,,,,,,,,,,,https://www.dea.gov/documents/2025/2025-09/2025-09-22/cy-2023-annual-fentanyl-report,2025-09-22,pending_manual_extract,2026-03-03T16:42:27Z
South Carolina,SC,2023,,,,,,,,,,,,,,,,,,,,,,,,https://www.dea.gov/documents/2025/2025-09/2025-09-22/cy-2023-annual-fentanyl-report,2025-09-22,pending_manual_extract,2026-03-03T16:42:27Z
South Dakota,SD,2023,,,,,,,,,,,,,,,,,,,,,,,,https://www.dea.gov/documents/2025/2025-09/2025-09-22/cy-2023-annual-fentanyl-report,2025-09-22,pending_manual_extract,2026-03-03T16:42:27Z
Tennessee,TN,2023,,,,,,,,,,,,,,,,,,,,,,,,https://www.dea.gov/documents/2025/2025-09/2025-09-22/cy-2023-annual-fentanyl-report,2025-09-22,pending_manual_extract,2026-03-03T16:42:27Z
Texas,TX,2023,,,,,,,,,,,,,,,,,,,,,,,,https://www.dea.gov/documents/2025/2025-09/2025-09-22/cy-2023-annual-fentanyl-report,2025-09-22,pending_manual_extract,2026-03-03T16:42:27Z
Utah,UT,2023,,,,,,,,,,,,,,,,,,,,,,,,https://www.dea.gov/documents/2025/2025-09/2025-09-22/cy-2023-annual-fentanyl-report,2025-09-22,pending_manual_extract,2026-03-03T16:42:27Z
Virginia,VA,2023,,,,,,,,,,,,,,,,,,,,,,,,https://www.dea.gov/documents/2025/2025-09/2025-09-22/cy-2023-annual-fentanyl-report,2025-09-22,pending_manual_extract,2026-03-03T16:42:27Z
Vermont,VT,2023,,,,,,,,,,,,,,,,,,,,,,,,https://www.dea.gov/documents/2025/2025-09/2025-09-22/cy-2023-annual-fentanyl-report,2025-09-22,pending_manual_extract,2026-03-03T16:42:27Z
Washington,WA,2023,,,,,,,,,,,,,,,,,,,,,,,,https://www.dea.gov/documents/2025/2025-09/2025-09-22/cy-2023-annual-fentanyl-report,2025-09-22,pending_manual_extract,2026-03-03T16:42:27Z
Wisconsin,WI,2023,,,,,,,,,,,,,,,,,,,,,,,,https://www.dea.gov/documents/2025/2025-09/2025-09-22/cy-2023-annual-fentanyl-report,2025-09-22,pending_manual_extract,2026-03-03T16:42:27Z
West Virginia,WV,2023,,,,,,,,,,,,,,,,,,,,,,,,https://www.dea.gov/documents/2025/2025-09/2025-09-22/cy-2023-annual-fentanyl-report,2025-09-22,pending_manual_extract,2026-03-03T16:42:27Z
Wyoming,WY,2023,,,,,,,,,,,,,,,,,,,,,,,,https://www.dea.gov/documents/2025/2025-09/2025-09-22/cy-2023-annual-fentanyl-report,2025-09-22,pending_manual_extract,2026-03-03T16:42:27Z
